crime_code,crime_code_desc,mocodes,all_crime_codes
624,BATTERY - SIMPLE ASSAULT,0444 0913,624
624,BATTERY - SIMPLE ASSAULT,0416 1822 1414,624
845,SEX OFFENDER REGISTRANT OUT OF COMPLIANCE,1501,845
745,VANDALISM - MISDEAMEANOR ($399 OR UNDER),0329 1402,"745, 998"
740,"VANDALISM - FELONY ($400 & OVER, ALL CHURCH VANDALISMS)",329,740
121,"RAPE, FORCIBLE",0413 1822 1262 1415,"121, 998"
442,SHOPLIFTING - PETTY THEFT ($950 & UNDER),1402 2004 0344 0387,"442, 998"
946,OTHER MISCELLANEOUS CRIME,1402 0392,"946, 998"
341,"THEFT-GRAND ($950.01 & OVER)EXCPT,GUNS,FOWL,LIVESTK,PROD",1822 0344 1402,"341, 998"
341,"THEFT-GRAND ($950.01 & OVER)EXCPT,GUNS,FOWL,LIVESTK,PROD",1300 0202 0378 0325,341
330,BURGLARY FROM VEHICLE,1822 1414 0344 1307,330
930,CRIMINAL THREATS - NO WEAPON DISPLAYED,0421 0906,930
341,"THEFT-GRAND ($950.01 & OVER)EXCPT,GUNS,FOWL,LIVESTK,PROD",1822 0344 2032,341
648,ARSON,1402 1501 2004,"648, 998"
442,SHOPLIFTING - PETTY THEFT ($950 & UNDER),0325 1402 0344 1822,442
626,INTIMATE PARTNER - SIMPLE ASSAULT,2000 1814 0416,626
626,INTIMATE PARTNER - SIMPLE ASSAULT,0400 0416 1814 2000,626
440,THEFT PLAIN - PETTY ($950 & UNDER),0319 0344 0429 0448 0305,"440, 624"
354,THEFT OF IDENTITY,1501 1822,354
210,ROBBERY,0416 0411 0344 1822 0305 0334 2004 1414 1202 1218,210
230,"ASSAULT WITH DEADLY WEAPON, AGGRAVATED ASSAULT",0416 0913 2004 1218,230
354,THEFT OF IDENTITY,1822,354
330,BURGLARY FROM VEHICLE,0344 0352 1307,330
230,"ASSAULT WITH DEADLY WEAPON, AGGRAVATED ASSAULT",2004 0305 0411 1202 1414 1402 1822 0906,230
624,BATTERY - SIMPLE ASSAULT,0417 0344 1823,624
121,"RAPE, FORCIBLE",1414 1402 1415 0444 0527 0537 0400 0507 1822,"121, 998"
310,BURGLARY,1402 1822 1414 0344,310
354,THEFT OF IDENTITY,0100 0930 1822,354
626,INTIMATE PARTNER - SIMPLE ASSAULT,2000 0913 1814 0444,626
510,VEHICLE - STOLEN,,510
930,CRIMINAL THREATS - NO WEAPON DISPLAYED,1402 0910 0444 0443 0334 1202 1822 2051 2049,"930, 998"
230,"ASSAULT WITH DEADLY WEAPON, AGGRAVATED ASSAULT",0947 0913 0416 0447 1402 0319 0443 1420 2004,230
230,"ASSAULT WITH DEADLY WEAPON, AGGRAVATED ASSAULT",0416 2004 1822 1402,"230, 998"
442,SHOPLIFTING - PETTY THEFT ($950 & UNDER),0344 1402,"442, 998"
420,THEFT FROM MOTOR VEHICLE - PETTY ($950 & UNDER),,420
740,"VANDALISM - FELONY ($400 & OVER, ALL CHURCH VANDALISMS)",1310 1307 0329 1402,"740, 998"
761,BRANDISH WEAPON,1822 0334 0319 0416 0400 1402 1309 0216,"761, 998"
236,INTIMATE PARTNER - AGGRAVATED ASSAULT,2000 1823 0913 2038 0445,236
860,BATTERY WITH SEXUAL CONTACT,1218 1822 0910 0522 0408 0448 2015 1000,860
230,"ASSAULT WITH DEADLY WEAPON, AGGRAVATED ASSAULT",0337 0340 0416 0445 1822 1218 2021 1019,230
745,VANDALISM - MISDEAMEANOR ($399 OR UNDER),329,745
480,BIKE - STOLEN,1822 2032 0344,480
745,VANDALISM - MISDEAMEANOR ($399 OR UNDER),0329 1218,745
236,INTIMATE PARTNER - AGGRAVATED ASSAULT,0416 0446 0408 2000 1814 0913 0216 1309 0329,236
623,BATTERY POLICE (SIMPLE),2004 1212 0917 0910 1822 0417 2048,623
623,BATTERY POLICE (SIMPLE),2004 1212 0917 0910 1822 0417 2048,623
440,THEFT PLAIN - PETTY ($950 & UNDER),344,440
624,BATTERY - SIMPLE ASSAULT,0416 1266 2004,624
956,"LETTERS, LEWD  -  TELEPHONE CALLS, LEWD",913,956
230,"ASSAULT WITH DEADLY WEAPON, AGGRAVATED ASSAULT",1218 1822 0411,230
624,BATTERY - SIMPLE ASSAULT,1218 1822 0416 2034 0371,624
624,BATTERY - SIMPLE ASSAULT,0416 1822 2004,624
341,"THEFT-GRAND ($950.01 & OVER)EXCPT,GUNS,FOWL,LIVESTK,PROD",1822 0344 2032,341
745,VANDALISM - MISDEAMEANOR ($399 OR UNDER),1822 0329 1609,745
745,VANDALISM - MISDEAMEANOR ($399 OR UNDER),1822 0329 0910,745
310,BURGLARY,1822 1414 0344 1609,310
510,VEHICLE - STOLEN,,510
440,THEFT PLAIN - PETTY ($950 & UNDER),1822 0344 1218,440
341,"THEFT-GRAND ($950.01 & OVER)EXCPT,GUNS,FOWL,LIVESTK,PROD",0344 2034 1822,341
330,BURGLARY FROM VEHICLE,0344 1307 1822 0329 1609,330
210,ROBBERY,0334 0325 1822 0443,210
624,BATTERY - SIMPLE ASSAULT,416,624
442,SHOPLIFTING - PETTY THEFT ($950 & UNDER),344,442
310,BURGLARY,1822 0344 1602 0329,310
900,VIOLATION OF COURT ORDER,2000 2038,900
210,ROBBERY,2004 0913 0344 0334 0302 1402 1202,"210, 998"
626,INTIMATE PARTNER - SIMPLE ASSAULT,2000 1814 0416 0417 2002,626
624,BATTERY - SIMPLE ASSAULT,0400 2033 1822,624
310,BURGLARY,1822 1218 0344 1206 1605,310
442,SHOPLIFTING - PETTY THEFT ($950 & UNDER),344,442
888,TRESPASSING,2004 0913,888
230,"ASSAULT WITH DEADLY WEAPON, AGGRAVATED ASSAULT",0416 1822 1218 2004 1202,230
860,BATTERY WITH SEXUAL CONTACT,1822 0522 2034 2014,860
330,BURGLARY FROM VEHICLE,1609 0344 1307 1822,330
440,THEFT PLAIN - PETTY ($950 & UNDER),0344 1218 1810 2032,440
230,"ASSAULT WITH DEADLY WEAPON, AGGRAVATED ASSAULT",0416 1300 1309 2004 0913 1268 2003 1218,230
626,INTIMATE PARTNER - SIMPLE ASSAULT,0913 1814 0448 0429 0416 1243 1813 2000,626
230,"ASSAULT WITH DEADLY WEAPON, AGGRAVATED ASSAULT",2004 0411 0400 1822 0445,230
888,TRESPASSING,1501 2004,888
626,INTIMATE PARTNER - SIMPLE ASSAULT,2000 1813 0416 1414 1276 0417,626
624,BATTERY - SIMPLE ASSAULT,0416 1822 0429,624
624,BATTERY - SIMPLE ASSAULT,0416 1218 2004 1202 2034,624
510,VEHICLE - STOLEN,,510
510,VEHICLE - STOLEN,,510
442,SHOPLIFTING - PETTY THEFT ($950 & UNDER),344,442
354,THEFT OF IDENTITY,1501,354
745,VANDALISM - MISDEAMEANOR ($399 OR UNDER),0329 0447,745
121,"RAPE, FORCIBLE",0913 0527 1259 0522,"121, 812"
330,BURGLARY FROM VEHICLE,1822 1307 0344 0329,330
440,THEFT PLAIN - PETTY ($950 & UNDER),1822 1218 1000 0345 0344,440
440,THEFT PLAIN - PETTY ($950 & UNDER),1822 1218 0344 2032,440
745,VANDALISM - MISDEAMEANOR ($399 OR UNDER),0329 0913 0603,745
624,BATTERY - SIMPLE ASSAULT,1218 0913 0340 0416 1268,624
761,BRANDISH WEAPON,1218 1822 0443,761
740,"VANDALISM - FELONY ($400 & OVER, ALL CHURCH VANDALISMS)",329,740
745,VANDALISM - MISDEAMEANOR ($399 OR UNDER),329,745
442,SHOPLIFTING - PETTY THEFT ($950 & UNDER),1402 0344 2004 0378,"442, 998"
442,SHOPLIFTING - PETTY THEFT ($950 & UNDER),1402 0907 2004 0344,"442, 998"
210,ROBBERY,0305 1309 0355 0334 0302 0344 1822,210
420,THEFT FROM MOTOR VEHICLE - PETTY ($950 & UNDER),,420
230,"ASSAULT WITH DEADLY WEAPON, AGGRAVATED ASSAULT",1218 1310 0411 1822 0319,230
341,"THEFT-GRAND ($950.01 & OVER)EXCPT,GUNS,FOWL,LIVESTK,PROD",1218 0377 0913 0344,341
440,THEFT PLAIN - PETTY ($950 & UNDER),0377 1822 2032 0344,440
330,BURGLARY FROM VEHICLE,1822 0377 0329 1307 0344,330
330,BURGLARY FROM VEHICLE,0344 0321 1822 0386,330
330,BURGLARY FROM VEHICLE,1307 1822 0377 0344,330
330,BURGLARY FROM VEHICLE,1307 1822 1414 0329 0344,330
210,ROBBERY,0913 1814 0448 2000,210
624,BATTERY - SIMPLE ASSAULT,444,624
331,THEFT FROM MOTOR VEHICLE - GRAND ($950.01 AND OVER),344,331
624,BATTERY - SIMPLE ASSAULT,416,624
354,THEFT OF IDENTITY,1822 0100 0928,354
210,ROBBERY,1822 0342 1100 0334 0302 0430 1300 1309 1407 1409,210
510,VEHICLE - STOLEN,,510
901,VIOLATION OF RESTRAINING ORDER,1813 2000 2038,901
624,BATTERY - SIMPLE ASSAULT,0416 1822 1414 0429,624
624,BATTERY - SIMPLE ASSAULT,0416 1218 2033 1822,624
330,BURGLARY FROM VEHICLE,1822 0344 1307 1609,330
886,DISTURBING THE PEACE,1501 0603 0361,886
901,VIOLATION OF RESTRAINING ORDER,0913 2038,901
442,SHOPLIFTING - PETTY THEFT ($950 & UNDER),1822 0325,442
440,THEFT PLAIN - PETTY ($950 & UNDER),0910 0344,440
330,BURGLARY FROM VEHICLE,1307 1609 0344,330
442,SHOPLIFTING - PETTY THEFT ($950 & UNDER),325,442
440,THEFT PLAIN - PETTY ($950 & UNDER),1218 0344,440
230,"ASSAULT WITH DEADLY WEAPON, AGGRAVATED ASSAULT",0906 0302 1309 0334 1100 1407 1822,"230, 998"
442,SHOPLIFTING - PETTY THEFT ($950 & UNDER),0325 2004,442
888,TRESPASSING,1501,888
624,BATTERY - SIMPLE ASSAULT,1601 0444 0416,624
330,BURGLARY FROM VEHICLE,0344 1307 1609 0329,330
624,BATTERY - SIMPLE ASSAULT,0913 0416 0910 1820 2048,624
440,THEFT PLAIN - PETTY ($950 & UNDER),2032 0344,440
210,ROBBERY,0357 0444 0429 0344 1202 1822 0377 1602,210
440,THEFT PLAIN - PETTY ($950 & UNDER),0394 0344,440
420,THEFT FROM MOTOR VEHICLE - PETTY ($950 & UNDER),1300 1822 0377 1606 0321 0344,420
740,"VANDALISM - FELONY ($400 & OVER, ALL CHURCH VANDALISMS)",0329 1300,740
626,INTIMATE PARTNER - SIMPLE ASSAULT,2000 0416 2004 1218,626
440,THEFT PLAIN - PETTY ($950 & UNDER),0344 2032,440
510,VEHICLE - STOLEN,,510
624,BATTERY - SIMPLE ASSAULT,0416 2004,624
310,BURGLARY,1822 1420 0344,310
341,"THEFT-GRAND ($950.01 & OVER)EXCPT,GUNS,FOWL,LIVESTK,PROD",0344 2032 1202 1822 1218,341
420,THEFT FROM MOTOR VEHICLE - PETTY ($950 & UNDER),,420
930,CRIMINAL THREATS - NO WEAPON DISPLAYED,421,930
623,BATTERY POLICE (SIMPLE),1212 0356,623
330,BURGLARY FROM VEHICLE,0344 1609 1212 1822 0321,330
330,BURGLARY FROM VEHICLE,0344 1609 1307 1822 1414,330
956,"LETTERS, LEWD  -  TELEPHONE CALLS, LEWD",1906,956
420,THEFT FROM MOTOR VEHICLE - PETTY ($950 & UNDER),344,420
626,INTIMATE PARTNER - SIMPLE ASSAULT,1414 2033 0416 2000 1814,626
740,"VANDALISM - FELONY ($400 & OVER, ALL CHURCH VANDALISMS)",1414 0443 2004 0329,740
210,ROBBERY,2028 0913 0910 0344 0444 0416,210
350,"THEFT, PERSON",0355 0344 0400 1822 0377,350
421,THEFT FROM MOTOR VEHICLE - ATTEMPT,1300 1822 1501 1606,421
888,TRESPASSING,0910 1501 2004,888
624,BATTERY - SIMPLE ASSAULT,0416 0913,624
888,TRESPASSING,0910 0329 2004,888
946,OTHER MISCELLANEOUS CRIME,0432 0913 1258,946
647,THROWING OBJECT AT MOVING VEHICLE,1300 0447 0329 1822,647
440,THEFT PLAIN - PETTY ($950 & UNDER),0344 1218 2034 1822,440
745,VANDALISM - MISDEAMEANOR ($399 OR UNDER),0329 1300 1822,745
310,BURGLARY,0344 1822,310
330,BURGLARY FROM VEHICLE,1606 0344,330
420,THEFT FROM MOTOR VEHICLE - PETTY ($950 & UNDER),,420
354,THEFT OF IDENTITY,100,354
230,"ASSAULT WITH DEADLY WEAPON, AGGRAVATED ASSAULT",1414 2004 0445 1822 2003,230
940,EXTORTION,0337 1803,940
230,"ASSAULT WITH DEADLY WEAPON, AGGRAVATED ASSAULT",1268 1822 0305 0411 1218,230
330,BURGLARY FROM VEHICLE,1307 1822 0344,330
624,BATTERY - SIMPLE ASSAULT,0448 0305 0913 0554,624
624,BATTERY - SIMPLE ASSAULT,0910 0416 1822 1202,624
510,VEHICLE - STOLEN,,510
442,SHOPLIFTING - PETTY THEFT ($950 & UNDER),0344 2004,442
330,BURGLARY FROM VEHICLE,1822 1414 1307 0344 0329,330
330,BURGLARY FROM VEHICLE,1606 0344,330
354,THEFT OF IDENTITY,0922 0935,354
480,BIKE - STOLEN,1822 0910 0344 0345 2049,480
624,BATTERY - SIMPLE ASSAULT,0305 0416 1822,624
810,"SEX,UNLAWFUL(INC MUTUAL CONSENT, PENETRATION W/ FRGN OBJ",0533 1259,810
956,"LETTERS, LEWD  -  TELEPHONE CALLS, LEWD",1906 1802,956
442,SHOPLIFTING - PETTY THEFT ($950 & UNDER),325,442
330,BURGLARY FROM VEHICLE,0329 0344 1609 1307,330
624,BATTERY - SIMPLE ASSAULT,0910 0416 2034 1822,624
662,"BUNCO, GRAND THEFT",701,662
510,VEHICLE - STOLEN,,510
745,VANDALISM - MISDEAMEANOR ($399 OR UNDER),,745
330,BURGLARY FROM VEHICLE,0344 1307 1609 1212 1822,330
930,CRIMINAL THREATS - NO WEAPON DISPLAYED,0443 1822,930
236,INTIMATE PARTNER - AGGRAVATED ASSAULT,0913 0319 1276 1414 1813 2000 0444 0416,236
440,THEFT PLAIN - PETTY ($950 & UNDER),1822 0344 2032,440
745,VANDALISM - MISDEAMEANOR ($399 OR UNDER),329,745
624,BATTERY - SIMPLE ASSAULT,0400 0913 1817,624
330,BURGLARY FROM VEHICLE,0377 1822 0329 0344 1307 1609,330
922,CHILD STEALING,0602 0553 1257 0913,922
888,TRESPASSING,1501 2004,888
480,BIKE - STOLEN,1822 1608 0344,480
330,BURGLARY FROM VEHICLE,1307 1822 0329 1609 0344,330
440,THEFT PLAIN - PETTY ($950 & UNDER),2032 1822 0344,440
812,CRM AGNST CHLD (13 OR UNDER) (14-15 & SUSP 10 YRS OLDER),0913 0552 0602 0503 0522 0551 1258,"812, 860"
330,BURGLARY FROM VEHICLE,1609 0344,330
330,BURGLARY FROM VEHICLE,1307 0329 1822 1609 0344,330
330,BURGLARY FROM VEHICLE,1609 0344,330
330,BURGLARY FROM VEHICLE,1609 0344 1307 0329 1822,330
624,BATTERY - SIMPLE ASSAULT,1218 0447 1822 1202,624
740,"VANDALISM - FELONY ($400 & OVER, ALL CHURCH VANDALISMS)",0329 1822 0910,740
740,"VANDALISM - FELONY ($400 & OVER, ALL CHURCH VANDALISMS)",0329 1822 1414,740
624,BATTERY - SIMPLE ASSAULT,0444 1266 1822 1300,624
330,BURGLARY FROM VEHICLE,1609 0344 1307 0329 1822,330
341,"THEFT-GRAND ($950.01 & OVER)EXCPT,GUNS,FOWL,LIVESTK,PROD",0344 1606 1822,341
330,BURGLARY FROM VEHICLE,1609 0344 1307 0329 1822,330
236,INTIMATE PARTNER - AGGRAVATED ASSAULT,2000 0913 0400 0408 1813,236
480,BIKE - STOLEN,0344 1822,480
860,BATTERY WITH SEXUAL CONTACT,0551 2004 1402,"860, 998"
440,THEFT PLAIN - PETTY ($950 & UNDER),0344 2032,440
946,OTHER MISCELLANEOUS CRIME,1501,946
888,TRESPASSING,2004 1501,888
740,"VANDALISM - FELONY ($400 & OVER, ALL CHURCH VANDALISMS)",1300 0329 1822,740
330,BURGLARY FROM VEHICLE,1609 1307 1822 0329 0344,330
930,CRIMINAL THREATS - NO WEAPON DISPLAYED,,930
442,SHOPLIFTING - PETTY THEFT ($950 & UNDER),0910 0104 1822 2004 0344,442
624,BATTERY - SIMPLE ASSAULT,0416 1822,624
745,VANDALISM - MISDEAMEANOR ($399 OR UNDER),0329 1236 1300 1309,745
220,ATTEMPTED ROBBERY,1822 1019 0416 2004,220
330,BURGLARY FROM VEHICLE,1609 0344,330
625,OTHER ASSAULT,0356 1822 1266,625
350,"THEFT, PERSON",0448 0344 2000 1814 2002 0421,350
755,BOMB SCARE,0404 1822,755
442,SHOPLIFTING - PETTY THEFT ($950 & UNDER),0325 2004,442
354,THEFT OF IDENTITY,1822 0930,354
236,INTIMATE PARTNER - AGGRAVATED ASSAULT,0913 1414 0416 1402 2000 1814 1218 2004,"236, 998"
510,VEHICLE - STOLEN,,510
330,BURGLARY FROM VEHICLE,0344 1822 1601,330
624,BATTERY - SIMPLE ASSAULT,0416 1218 1822 2034,624
624,BATTERY - SIMPLE ASSAULT,0444 0429 1822 1202 2004,624
440,THEFT PLAIN - PETTY ($950 & UNDER),0344 1202 2032 0377 1822 1218,440
624,BATTERY - SIMPLE ASSAULT,0416 1218 1822 0913,624
341,"THEFT-GRAND ($950.01 & OVER)EXCPT,GUNS,FOWL,LIVESTK,PROD",2032 0344,341
330,BURGLARY FROM VEHICLE,1300 1309 1607 0344 0326,330
341,"THEFT-GRAND ($950.01 & OVER)EXCPT,GUNS,FOWL,LIVESTK,PROD",0344 1607 1822 1606,341
440,THEFT PLAIN - PETTY ($950 & UNDER),0344 2032,440
440,THEFT PLAIN - PETTY ($950 & UNDER),1218 0344 2034,440
740,"VANDALISM - FELONY ($400 & OVER, ALL CHURCH VANDALISMS)",0906 0329 1402 0447,"740, 998"
761,BRANDISH WEAPON,0334 1606 1822 1402,"761, 998"
354,THEFT OF IDENTITY,,354
440,THEFT PLAIN - PETTY ($950 & UNDER),0344 2034 1822 0377 1218,440
626,INTIMATE PARTNER - SIMPLE ASSAULT,2000 1814 0416 0411 0445,626
330,BURGLARY FROM VEHICLE,1300 0344,330
440,THEFT PLAIN - PETTY ($950 & UNDER),0344 2032 1822,440
510,VEHICLE - STOLEN,,510
888,TRESPASSING,2004 0444 2001 2003 1822 2002,888
310,BURGLARY,1610 1822 0344 0329 0321,310
480,BIKE - STOLEN,1822 1202 0344,480
341,"THEFT-GRAND ($950.01 & OVER)EXCPT,GUNS,FOWL,LIVESTK,PROD",1822 0344 2032,341
230,"ASSAULT WITH DEADLY WEAPON, AGGRAVATED ASSAULT",1309 1414 0913 1100 1402 0430,"230, 998"
662,"BUNCO, GRAND THEFT",0701 0800,662
740,"VANDALISM - FELONY ($400 & OVER, ALL CHURCH VANDALISMS)",0329 1822 1420,740
440,THEFT PLAIN - PETTY ($950 & UNDER),0344 0910 2032 1822,440
442,SHOPLIFTING - PETTY THEFT ($950 & UNDER),325,442
624,BATTERY - SIMPLE ASSAULT,0910 0416 2004 1822,624
745,VANDALISM - MISDEAMEANOR ($399 OR UNDER),0329 1822 1202,745
480,BIKE - STOLEN,0910 0344 2004 2052 1414,480
946,OTHER MISCELLANEOUS CRIME,1501 1300,946
220,ATTEMPTED ROBBERY,0910 1822 0305 1414,220
330,BURGLARY FROM VEHICLE,0386 0344,330
330,BURGLARY FROM VEHICLE,1307 0344,330
330,BURGLARY FROM VEHICLE,1307 0344,330
341,"THEFT-GRAND ($950.01 & OVER)EXCPT,GUNS,FOWL,LIVESTK,PROD",0397 0344 0947,341
649,DOCUMENT FORGERY / STOLEN FELONY,1402,"649, 998"
626,INTIMATE PARTNER - SIMPLE ASSAULT,2000 1814 0432 0400 1240 0913,"434, 626"
210,ROBBERY,0325 0601 0104 0400 0945 1822,210
901,VIOLATION OF RESTRAINING ORDER,0913 2038 2000 1814,901
624,BATTERY - SIMPLE ASSAULT,0917 0416 0447,624
946,OTHER MISCELLANEOUS CRIME,0112 1414 1822,946
740,"VANDALISM - FELONY ($400 & OVER, ALL CHURCH VANDALISMS)",329,740
442,SHOPLIFTING - PETTY THEFT ($950 & UNDER),0344 2004,442
236,INTIMATE PARTNER - AGGRAVATED ASSAULT,0906 0913 2000 1814 0408 1218 2004,236
330,BURGLARY FROM VEHICLE,1609 0344 1307 0329 1822,330
341,"THEFT-GRAND ($950.01 & OVER)EXCPT,GUNS,FOWL,LIVESTK,PROD",0344 1822 0352,341
236,INTIMATE PARTNER - AGGRAVATED ASSAULT,2000 0411 0913 1402 1414 1814 0329,"236, 998"
440,THEFT PLAIN - PETTY ($950 & UNDER),0344 0947,440
440,THEFT PLAIN - PETTY ($950 & UNDER),0394 0344,440
210,ROBBERY,0344 0375,210
350,"THEFT, PERSON",0344 0416 0377 1822 0305,350
624,BATTERY - SIMPLE ASSAULT,0416 1218 1822 1019,624
330,BURGLARY FROM VEHICLE,1609 0344 1307 1822 0329,330
330,BURGLARY FROM VEHICLE,0344 1609 1307 1822 0377 0329,330
745,VANDALISM - MISDEAMEANOR ($399 OR UNDER),0329 1822 0416,745
330,BURGLARY FROM VEHICLE,1307 0344,330
330,BURGLARY FROM VEHICLE,1307 0344,330
624,BATTERY - SIMPLE ASSAULT,0416 1822 1259 1309 1414 1251,624
624,BATTERY - SIMPLE ASSAULT,0416 1822,624
815,SEXUAL PENETRATION W/FOREIGN OBJECT,2034 2014 1822 0515 0522,"310, 815"
815,SEXUAL PENETRATION W/FOREIGN OBJECT,1822 1402 2004 0416 1601 0408 0409 1415 1218,"815, 998"
900,VIOLATION OF COURT ORDER,0913 1501,900
510,VEHICLE - STOLEN,,510
946,OTHER MISCELLANEOUS CRIME,1501,946
330,BURGLARY FROM VEHICLE,0344 1609 1307 1822 0329,330
624,BATTERY - SIMPLE ASSAULT,0416 1822,624
341,"THEFT-GRAND ($950.01 & OVER)EXCPT,GUNS,FOWL,LIVESTK,PROD",0344 0910 2034 1822,341
845,SEX OFFENDER REGISTRANT OUT OF COMPLIANCE,,845
510,VEHICLE - STOLEN,,510
354,THEFT OF IDENTITY,928,354
310,BURGLARY,0344 1605 0361 1414,310
624,BATTERY - SIMPLE ASSAULT,1822 0416,624
251,SHOTS FIRED AT INHABITED DWELLING,0329 1202 1822,251
510,VEHICLE - STOLEN,,510
220,ATTEMPTED ROBBERY,0416 1822 1402 1414 1309,220
510,VEHICLE - STOLEN,,510
626,INTIMATE PARTNER - SIMPLE ASSAULT,2000 0416 1218 2004 1814 0419,626
761,BRANDISH WEAPON,1822 1218 0334,761
230,"ASSAULT WITH DEADLY WEAPON, AGGRAVATED ASSAULT",0411 0429 0416 1402 1414 1822,"230, 998"
230,"ASSAULT WITH DEADLY WEAPON, AGGRAVATED ASSAULT",0411 0429 0416 1402 1822 1414,"230, 998"
624,BATTERY - SIMPLE ASSAULT,0522 1822,624
230,"ASSAULT WITH DEADLY WEAPON, AGGRAVATED ASSAULT",0913 0407 1218 1414 1820,230
330,BURGLARY FROM VEHICLE,1307 0344 1609 1822,330
740,"VANDALISM - FELONY ($400 & OVER, ALL CHURCH VANDALISMS)",0329 1307 1609 1822,740
341,"THEFT-GRAND ($950.01 & OVER)EXCPT,GUNS,FOWL,LIVESTK,PROD",2032 0344 1822,341
320,"BURGLARY, ATTEMPTED",1607 1822 1414 0329 2004,320
740,"VANDALISM - FELONY ($400 & OVER, ALL CHURCH VANDALISMS)",0417 2004 0329 1822,740
440,THEFT PLAIN - PETTY ($950 & UNDER),2032 0344,440
740,"VANDALISM - FELONY ($400 & OVER, ALL CHURCH VANDALISMS)",0329 0910 2004 1414 1307 0913,740
440,THEFT PLAIN - PETTY ($950 & UNDER),0344 0913 2032,440
624,BATTERY - SIMPLE ASSAULT,0416 0429 1414,624
624,BATTERY - SIMPLE ASSAULT,1402 0416 1822,"624, 998"
354,THEFT OF IDENTITY,1822 0929 0928 0931,354
330,BURGLARY FROM VEHICLE,1307 0344 0329 1609 1822,330
330,BURGLARY FROM VEHICLE,1307 0344 0329 1609 1822 0377,330
510,VEHICLE - STOLEN,,510
330,BURGLARY FROM VEHICLE,1307 0344 0329 1609 1822 1414,330
740,"VANDALISM - FELONY ($400 & OVER, ALL CHURCH VANDALISMS)",329,740
662,"BUNCO, GRAND THEFT",0800 0701 1900 1916 0344,662
440,THEFT PLAIN - PETTY ($950 & UNDER),2004 1026 0344 1822,440
350,"THEFT, PERSON",0344 0444 0416 1218 1822,350
624,BATTERY - SIMPLE ASSAULT,1822 0910 0444 0319 0416 0446 1218 2048,624
740,"VANDALISM - FELONY ($400 & OVER, ALL CHURCH VANDALISMS)",0329 1822,740
624,BATTERY - SIMPLE ASSAULT,0910 0416 1202 1822 2050 2052,624
440,THEFT PLAIN - PETTY ($950 & UNDER),0344 1822,440
354,THEFT OF IDENTITY,0100 0923 1820 1202,354
901,VIOLATION OF RESTRAINING ORDER,2038,901
761,BRANDISH WEAPON,1402 0334 0917 1266 1822 2004 0445,"761, 998"
888,TRESPASSING,2004 0910 1822,888
442,SHOPLIFTING - PETTY THEFT ($950 & UNDER),0344 2004 0910 0104,442
624,BATTERY - SIMPLE ASSAULT,0910 1822 0416 1414,624
236,INTIMATE PARTNER - AGGRAVATED ASSAULT,2000 1813 0444 0408 0416 0913,236
740,"VANDALISM - FELONY ($400 & OVER, ALL CHURCH VANDALISMS)",1414 0329 1822,740
624,BATTERY - SIMPLE ASSAULT,0444 0429,624
624,BATTERY - SIMPLE ASSAULT,0416 0447 1822,624
624,BATTERY - SIMPLE ASSAULT,1822 0408 0444,624
354,THEFT OF IDENTITY,1822 0930,354
624,BATTERY - SIMPLE ASSAULT,0416 0417 1822 0429 0342,624
624,BATTERY - SIMPLE ASSAULT,0334 1822 1234,624
330,BURGLARY FROM VEHICLE,0344 1307 1609 1822 0329,330
330,BURGLARY FROM VEHICLE,0344 1307 1609 0329 1822,330
341,"THEFT-GRAND ($950.01 & OVER)EXCPT,GUNS,FOWL,LIVESTK,PROD",0344 2032 1822 1309 0377,341
480,BIKE - STOLEN,0344 2032 1817,480
350,"THEFT, PERSON",0344 1822,350
341,"THEFT-GRAND ($950.01 & OVER)EXCPT,GUNS,FOWL,LIVESTK,PROD",0344 2032 2028 0913,341
626,INTIMATE PARTNER - SIMPLE ASSAULT,0448 0444 2000 1218 1813,626
740,"VANDALISM - FELONY ($400 & OVER, ALL CHURCH VANDALISMS)",0329 1602 1822,740
354,THEFT OF IDENTITY,0377 1822 1501,354
230,"ASSAULT WITH DEADLY WEAPON, AGGRAVATED ASSAULT",0906 0311 0371 0416 0446 1414 1822,230
946,OTHER MISCELLANEOUS CRIME,1501,946
901,VIOLATION OF RESTRAINING ORDER,2038 2004 0562,901
740,"VANDALISM - FELONY ($400 & OVER, ALL CHURCH VANDALISMS)",0329 1307 1822,740
888,TRESPASSING,1822 2004,888
330,BURGLARY FROM VEHICLE,0344 1609 1307 1822 0329,330
330,BURGLARY FROM VEHICLE,0344 1609 1307 0329 1822 0377,330
230,"ASSAULT WITH DEADLY WEAPON, AGGRAVATED ASSAULT",1218 0411 1822 1414,230
354,THEFT OF IDENTITY,100,354
740,"VANDALISM - FELONY ($400 & OVER, ALL CHURCH VANDALISMS)",329,740
930,CRIMINAL THREATS - NO WEAPON DISPLAYED,0334 0421 1822,930
442,SHOPLIFTING - PETTY THEFT ($950 & UNDER),0344 0325 1822,442
310,BURGLARY,0344 1605 1822,310
350,"THEFT, PERSON",0344 0377 1822,350
440,THEFT PLAIN - PETTY ($950 & UNDER),1822 2032 0344 1251,440
420,THEFT FROM MOTOR VEHICLE - PETTY ($950 & UNDER),,420
354,THEFT OF IDENTITY,0100 0928 1822,354
341,"THEFT-GRAND ($950.01 & OVER)EXCPT,GUNS,FOWL,LIVESTK,PROD",3101 3401 3701 0605 3026 3036 2032,341
210,ROBBERY,0416 0344 2004 1822 0325 0945,210
330,BURGLARY FROM VEHICLE,0344 0329 1609 1307 1601,330
330,BURGLARY FROM VEHICLE,0344 0329 1609 1307 1601,330
121,"RAPE, FORCIBLE",1218 0507 0519 0527 1415 2004 0400 0500 1822 1402,"121, 998"
624,BATTERY - SIMPLE ASSAULT,0401 0913 0448 0408,624
624,BATTERY - SIMPLE ASSAULT,1253 0447 0416 1202 1822 0910,624
236,INTIMATE PARTNER - AGGRAVATED ASSAULT,0913 2000 1402 0408 1241 1206 0448 0421 0400,"236, 998"
330,BURGLARY FROM VEHICLE,1307 1609 0344 1822 0329,330
330,BURGLARY FROM VEHICLE,1822 0329 0344 1307 1609,330
740,"VANDALISM - FELONY ($400 & OVER, ALL CHURCH VANDALISMS)",1822 0329,740
888,TRESPASSING,2004 1501,888
210,ROBBERY,1414 0945 2004 1822 0325 0421,210
440,THEFT PLAIN - PETTY ($950 & UNDER),2032 0344 1822,440
890,FAILURE TO YIELD,1300 1309 2004,890
888,TRESPASSING,2004 2038 0216,888
440,THEFT PLAIN - PETTY ($950 & UNDER),0344 2032 0910 1822 1266,440
236,INTIMATE PARTNER - AGGRAVATED ASSAULT,2004 0913 2000 0416 1814 1218,236
341,"THEFT-GRAND ($950.01 & OVER)EXCPT,GUNS,FOWL,LIVESTK,PROD",2032 0344,341
480,BIKE - STOLEN,0397 0344,480
440,THEFT PLAIN - PETTY ($950 & UNDER),2032 0344 1822,440
946,OTHER MISCELLANEOUS CRIME,0906 1402 2004,"946, 998"
510,VEHICLE - STOLEN,,510
956,"LETTERS, LEWD  -  TELEPHONE CALLS, LEWD",1906,956
330,BURGLARY FROM VEHICLE,0344 1300 1302,330
755,BOMB SCARE,404,755
354,THEFT OF IDENTITY,917,354
740,"VANDALISM - FELONY ($400 & OVER, ALL CHURCH VANDALISMS)",0910 1822 0329,740
625,OTHER ASSAULT,1822 0910 0400,625
330,BURGLARY FROM VEHICLE,1609 1822 1307 0344 0329,330
354,THEFT OF IDENTITY,0377 1822 1501 0930 0928 0929,354
440,THEFT PLAIN - PETTY ($950 & UNDER),0910 0346 0377 1822 2032,440
442,SHOPLIFTING - PETTY THEFT ($950 & UNDER),0344 0378,442
354,THEFT OF IDENTITY,1822 0935 0925,354
330,BURGLARY FROM VEHICLE,1300 1601 1606 0344 0352,330
930,CRIMINAL THREATS - NO WEAPON DISPLAYED,0917 1266 0416 0371 1309 0906,930
330,BURGLARY FROM VEHICLE,385,330
624,BATTERY - SIMPLE ASSAULT,0913 2004 0917 0416,624
624,BATTERY - SIMPLE ASSAULT,0913 2004 0917 0416 0447,624
230,"ASSAULT WITH DEADLY WEAPON, AGGRAVATED ASSAULT",1414 0416 0445 2002 1266 1822,230
624,BATTERY - SIMPLE ASSAULT,2001 0429 0416 1822,624
624,BATTERY - SIMPLE ASSAULT,0361 0416 0448 0408 0913,624
354,THEFT OF IDENTITY,1822 0927,354
440,THEFT PLAIN - PETTY ($950 & UNDER),0344 1822 2032,440
745,VANDALISM - MISDEAMEANOR ($399 OR UNDER),1300 2004 0329,745
626,INTIMATE PARTNER - SIMPLE ASSAULT,0401 0408 0448 1813 2000,626
420,THEFT FROM MOTOR VEHICLE - PETTY ($950 & UNDER),344,420
440,THEFT PLAIN - PETTY ($950 & UNDER),1202 1822 0377 1221 0344 2032,440
330,BURGLARY FROM VEHICLE,1307 0329 0344 1609 0321,330
510,VEHICLE - STOLEN,,510
946,OTHER MISCELLANEOUS CRIME,1501,"946, 998"
330,BURGLARY FROM VEHICLE,1307 1609 0329 1822 0344,330
740,"VANDALISM - FELONY ($400 & OVER, ALL CHURCH VANDALISMS)",0329 1307,740
625,OTHER ASSAULT,416,625
354,THEFT OF IDENTITY,929,354
860,BATTERY WITH SEXUAL CONTACT,0448 0522 0216 2004,860
626,INTIMATE PARTNER - SIMPLE ASSAULT,2000 1813 1243 0416 0913,626
624,BATTERY - SIMPLE ASSAULT,2004 1822 0416 0417 0401 0319 0429 1266 0910 1414,624
442,SHOPLIFTING - PETTY THEFT ($950 & UNDER),325,442
210,ROBBERY,0416 0337 0334 0443 1822 0344 0377,210
624,BATTERY - SIMPLE ASSAULT,1822 0416 2004 0910 1266,624
210,ROBBERY,2004 0416 0344 0945 1822,210
354,THEFT OF IDENTITY,1822 0929,354
624,BATTERY - SIMPLE ASSAULT,0356 1218 0446 0913,624
230,"ASSAULT WITH DEADLY WEAPON, AGGRAVATED ASSAULT",1822 0340 0342 1402 1407 1100 0430 0202 0906,"230, 998"
420,THEFT FROM MOTOR VEHICLE - PETTY ($950 & UNDER),,420
761,BRANDISH WEAPON,0334 1822 0340,761
626,INTIMATE PARTNER - SIMPLE ASSAULT,2000 2002 1206 2033 0913,626
740,"VANDALISM - FELONY ($400 & OVER, ALL CHURCH VANDALISMS)",0329 0910 1307 1822,740
510,VEHICLE - STOLEN,,510
440,THEFT PLAIN - PETTY ($950 & UNDER),0344 0910 2032 1822,440
510,VEHICLE - STOLEN,,510
440,THEFT PLAIN - PETTY ($950 & UNDER),0344 1218 1822 2032,440
210,ROBBERY,0344 0334 1311 1302 1822 1218 0302 1309 2024 0916,210
230,"ASSAULT WITH DEADLY WEAPON, AGGRAVATED ASSAULT",0913 0400 0416 0417 0429,230
740,"VANDALISM - FELONY ($400 & OVER, ALL CHURCH VANDALISMS)",329,740
354,THEFT OF IDENTITY,377,354
330,BURGLARY FROM VEHICLE,1609 0344 1307 0329 1822 0321 1414 1402,"330, 998"
330,BURGLARY FROM VEHICLE,1307 0344 1822 1609 0329 0386,330
341,"THEFT-GRAND ($950.01 & OVER)EXCPT,GUNS,FOWL,LIVESTK,PROD",2032 0344 1822,341
341,"THEFT-GRAND ($950.01 & OVER)EXCPT,GUNS,FOWL,LIVESTK,PROD",0397 0344 1602 1822,341
341,"THEFT-GRAND ($950.01 & OVER)EXCPT,GUNS,FOWL,LIVESTK,PROD",0344 1822 2032,341
341,"THEFT-GRAND ($950.01 & OVER)EXCPT,GUNS,FOWL,LIVESTK,PROD",0344 2032 1822,341
330,BURGLARY FROM VEHICLE,1300 0358 0344 1307,330
330,BURGLARY FROM VEHICLE,1609 0344 1307 1822 0329 0377,330
440,THEFT PLAIN - PETTY ($950 & UNDER),0344 1202 1822 0394 1414,440
860,BATTERY WITH SEXUAL CONTACT,0448 0522 1202 1822,860
350,"THEFT, PERSON",0305 0344 0326 0346 1309,350
850,INDECENT EXPOSURE,529,850
624,BATTERY - SIMPLE ASSAULT,0446 1218,624
210,ROBBERY,0377 0319 0344 0416 1822,210
740,"VANDALISM - FELONY ($400 & OVER, ALL CHURCH VANDALISMS)",0329 1402,"740, 998"
420,THEFT FROM MOTOR VEHICLE - PETTY ($950 & UNDER),1300 1822 0377 0321 0344,420
220,ATTEMPTED ROBBERY,0906 1218 1536 0371 0443 0370 0312 1822 0334 0355,220
330,BURGLARY FROM VEHICLE,1307 1822 0329 1609 0344,330
761,BRANDISH WEAPON,2036 2031 0334 1266 1822,761
121,"RAPE, FORCIBLE",1251 1258 0913 0556 0500 0526,"121, 812"
442,SHOPLIFTING - PETTY THEFT ($950 & UNDER),1822 0443 0344,442
930,CRIMINAL THREATS - NO WEAPON DISPLAYED,443,930
624,BATTERY - SIMPLE ASSAULT,0416 1266 1822 0910,624
442,SHOPLIFTING - PETTY THEFT ($950 & UNDER),325,442
210,ROBBERY,0377 1202 1822 1218 2004 1268 0416 0344,210
330,BURGLARY FROM VEHICLE,0344 1606,330
860,BATTERY WITH SEXUAL CONTACT,0448 0913 1817 0603,860
330,BURGLARY FROM VEHICLE,344,330
330,BURGLARY FROM VEHICLE,1307 0344,330
330,BURGLARY FROM VEHICLE,1307 0344,330
761,BRANDISH WEAPON,0913 1218 1268 2004 0334,761
510,VEHICLE - STOLEN,,510
442,SHOPLIFTING - PETTY THEFT ($950 & UNDER),0325 2004,442
860,BATTERY WITH SEXUAL CONTACT,0448 0522,860
330,BURGLARY FROM VEHICLE,1609 0344,330
220,ATTEMPTED ROBBERY,1822 0391 1403 1405 1414 1420,"220, 998"
341,"THEFT-GRAND ($950.01 & OVER)EXCPT,GUNS,FOWL,LIVESTK,PROD",0344 0354 1202,341
510,VEHICLE - STOLEN,,510
761,BRANDISH WEAPON,1822 0216 0334 0421,"761, 930"
860,BATTERY WITH SEXUAL CONTACT,1822 2048 1259 0910 0448 0522 0305,860
888,TRESPASSING,913,888
420,THEFT FROM MOTOR VEHICLE - PETTY ($950 & UNDER),1202 0416 1310 0344,420
442,SHOPLIFTING - PETTY THEFT ($950 & UNDER),0913 0378 0344 2028,442
480,BIKE - STOLEN,0344 1251 1822,480
440,THEFT PLAIN - PETTY ($950 & UNDER),2032 1822 0344,440
888,TRESPASSING,1309 1402,"888, 998"
440,THEFT PLAIN - PETTY ($950 & UNDER),1822 0352 1218 0344,440
956,"LETTERS, LEWD  -  TELEPHONE CALLS, LEWD",2040 2041 1906,956
330,BURGLARY FROM VEHICLE,1609 1822 0329 1212 1307 0344,330
625,OTHER ASSAULT,0356 2004 1266 0910 2052,625
820,ORAL COPULATION,1258 1251 0531 0512 0500 0432 0913 1402 1415 0558,"812, 820"
668,"EMBEZZLEMENT, GRAND THEFT ($950.01 & OVER)",1803 0913 0601,668
624,BATTERY - SIMPLE ASSAULT,0416 0419 0340 1822,624
624,BATTERY - SIMPLE ASSAULT,1822 0416 0444,624
480,BIKE - STOLEN,344,480
310,BURGLARY,0344 0321,310
440,THEFT PLAIN - PETTY ($950 & UNDER),2032 1218 0344 2004,440
440,THEFT PLAIN - PETTY ($950 & UNDER),1218 1822 0394 0344,440
442,SHOPLIFTING - PETTY THEFT ($950 & UNDER),344,442
440,THEFT PLAIN - PETTY ($950 & UNDER),1218 1822 1202 0377 0910 0344 2034,440
440,THEFT PLAIN - PETTY ($950 & UNDER),1822 0344 0377 0910,440
230,"ASSAULT WITH DEADLY WEAPON, AGGRAVATED ASSAULT",1822 1218 0340 0444 0305 0429,230
626,INTIMATE PARTNER - SIMPLE ASSAULT,2000 0913 1310 0344 0354 0400 1814 2021,626
626,INTIMATE PARTNER - SIMPLE ASSAULT,0913 2000 0444 0416 0400 1813 1243,626
442,SHOPLIFTING - PETTY THEFT ($950 & UNDER),1420 1822 0325 2024,442
626,INTIMATE PARTNER - SIMPLE ASSAULT,0416 2000,626
330,BURGLARY FROM VEHICLE,1609 0344 1307 0329 1822 0377,330
330,BURGLARY FROM VEHICLE,1609 0344 1307 1822 0329,330
745,VANDALISM - MISDEAMEANOR ($399 OR UNDER),,745
902,VIOLATION OF TEMPORARY RESTRAINING ORDER,913,902
946,OTHER MISCELLANEOUS CRIME,0910 2052 2004,946
745,VANDALISM - MISDEAMEANOR ($399 OR UNDER),0329 1822 1414 1202,745
480,BIKE - STOLEN,0344 1822 2032,480
510,VEHICLE - STOLEN,,510
440,THEFT PLAIN - PETTY ($950 & UNDER),0344 1202 1822 0377 2032,440
330,BURGLARY FROM VEHICLE,0344 1609 1307 0329 1822,330
354,THEFT OF IDENTITY,377,354
664,"BUNCO, PETTY THEFT",0344 0701 1822,664
626,INTIMATE PARTNER - SIMPLE ASSAULT,2004 1814 1813 0444,626
354,THEFT OF IDENTITY,0100 0930 1822,354
330,BURGLARY FROM VEHICLE,1307 0344,330
440,THEFT PLAIN - PETTY ($950 & UNDER),2032 0344,440
440,THEFT PLAIN - PETTY ($950 & UNDER),0344 2032,440
740,"VANDALISM - FELONY ($400 & OVER, ALL CHURCH VANDALISMS)",0329 0910,740
624,BATTERY - SIMPLE ASSAULT,0305 0416 1822,624
442,SHOPLIFTING - PETTY THEFT ($950 & UNDER),344,442
624,BATTERY - SIMPLE ASSAULT,0416 1822,624
624,BATTERY - SIMPLE ASSAULT,2004 0417 1822,624
442,SHOPLIFTING - PETTY THEFT ($950 & UNDER),0344 0103 1822,442
624,BATTERY - SIMPLE ASSAULT,1822 1501,624
210,ROBBERY,0344 0334 1100 1315 0430 1407 2004,"210, 998"
230,"ASSAULT WITH DEADLY WEAPON, AGGRAVATED ASSAULT",0400 1822 1402 0334 1414 0445 1266 2003,"230, 998"
230,"ASSAULT WITH DEADLY WEAPON, AGGRAVATED ASSAULT",0400 1822 0334 1266 2003,230
740,"VANDALISM - FELONY ($400 & OVER, ALL CHURCH VANDALISMS)",329,740
210,ROBBERY,0344 0337 0400 1822 0319 0370 1309,210
121,"RAPE, FORCIBLE",1415 1402 2000 0913 1814 0527,"121, 998"
510,VEHICLE - STOLEN,,510
510,VEHICLE - STOLEN,,510
624,BATTERY - SIMPLE ASSAULT,0416 1218,624
920,KIDNAPPING - GRAND ATTEMPT,0448 0400 1218 1822,920
330,BURGLARY FROM VEHICLE,1822 1300 0344 2019,330
740,"VANDALISM - FELONY ($400 & OVER, ALL CHURCH VANDALISMS)",329,740
330,BURGLARY FROM VEHICLE,1609 0344 1307 1822 0329,330
510,VEHICLE - STOLEN,,510
510,VEHICLE - STOLEN,,510
740,"VANDALISM - FELONY ($400 & OVER, ALL CHURCH VANDALISMS)",329,740
740,"VANDALISM - FELONY ($400 & OVER, ALL CHURCH VANDALISMS)",329,740
745,VANDALISM - MISDEAMEANOR ($399 OR UNDER),329,745
930,CRIMINAL THREATS - NO WEAPON DISPLAYED,0913 2000 0421 0422 0443 1813,930
440,THEFT PLAIN - PETTY ($950 & UNDER),0344 2032,440
330,BURGLARY FROM VEHICLE,0344 1607,330
626,INTIMATE PARTNER - SIMPLE ASSAULT,0416 2000 1813 0319 0444,626
350,"THEFT, PERSON",0344 0910 2048 2024 1822,350
626,INTIMATE PARTNER - SIMPLE ASSAULT,2000 1814 0416 0447 0401 0913 2002 1206 1414,626
330,BURGLARY FROM VEHICLE,1609 0344 1307 0329 1822,330
230,"ASSAULT WITH DEADLY WEAPON, AGGRAVATED ASSAULT",1402 1100 0430 1822 1218 1414 1407,"230, 998"
440,THEFT PLAIN - PETTY ($950 & UNDER),2032 0344 1218 1822,440
510,VEHICLE - STOLEN,,510
330,BURGLARY FROM VEHICLE,1609 0344 1307 0329 1822,330
220,ATTEMPTED ROBBERY,0337 0334 0416 0913 1202 1019 1309,220
745,VANDALISM - MISDEAMEANOR ($399 OR UNDER),329,745
330,BURGLARY FROM VEHICLE,0344 1609 1307 0329 1822,330
860,BATTERY WITH SEXUAL CONTACT,0305 1601 0522 1822 0910,860
956,"LETTERS, LEWD  -  TELEPHONE CALLS, LEWD",1906,956
236,INTIMATE PARTNER - AGGRAVATED ASSAULT,2004 2000 1814 0913 0444 0416 0408 0401 1414,236
930,CRIMINAL THREATS - NO WEAPON DISPLAYED,0913 0421,930
761,BRANDISH WEAPON,0919 0345 0329 1307 0334 1822,761
330,BURGLARY FROM VEHICLE,0344 0329 1612 1822 1202,330
330,BURGLARY FROM VEHICLE,1307 0344 0329 1609 1822,330
624,BATTERY - SIMPLE ASSAULT,0555 0400 0416 0419 0913,624
510,VEHICLE - STOLEN,,510
354,THEFT OF IDENTITY,1822 0922,354
510,VEHICLE - STOLEN,,510
354,THEFT OF IDENTITY,1822 0923,354
930,CRIMINAL THREATS - NO WEAPON DISPLAYED,443,930
420,THEFT FROM MOTOR VEHICLE - PETTY ($950 & UNDER),344,420
354,THEFT OF IDENTITY,1822 0930,354
343,SHOPLIFTING-GRAND THEFT ($950.01 & OVER),0104 0344 1309 1822,343
236,INTIMATE PARTNER - AGGRAVATED ASSAULT,0416 2000 1814 0444 1402 0907 0913 0906,"236, 998"
624,BATTERY - SIMPLE ASSAULT,0444 0429 0417 1822 1202 1218,624
624,BATTERY - SIMPLE ASSAULT,0444 0603,624
230,"ASSAULT WITH DEADLY WEAPON, AGGRAVATED ASSAULT",1234 0416 0429 1822 1414,230
310,BURGLARY,0344 1822 1606,310
230,"ASSAULT WITH DEADLY WEAPON, AGGRAVATED ASSAULT",0416 0429 1822 1234,230
230,"ASSAULT WITH DEADLY WEAPON, AGGRAVATED ASSAULT",0416 0447 1822 0329 1234,230
230,"ASSAULT WITH DEADLY WEAPON, AGGRAVATED ASSAULT",0416 0447 1822 1234,230
624,BATTERY - SIMPLE ASSAULT,2050 2052 2047 0444 0429 1822 0910 1218 1202,624
420,THEFT FROM MOTOR VEHICLE - PETTY ($950 & UNDER),0344 1300 1822 0377,420
480,BIKE - STOLEN,0344 1822 1259,480
480,BIKE - STOLEN,0344 1258 1822,480
442,SHOPLIFTING - PETTY THEFT ($950 & UNDER),0344 1822,442
624,BATTERY - SIMPLE ASSAULT,0416 1822 0910 1202 1268,624
626,INTIMATE PARTNER - SIMPLE ASSAULT,2000 0444 0429 1814 1218 0329 1414 2004,626
740,"VANDALISM - FELONY ($400 & OVER, ALL CHURCH VANDALISMS)",0329 2004 1814,740
420,THEFT FROM MOTOR VEHICLE - PETTY ($950 & UNDER),0344 0913 1202 1300,420
330,BURGLARY FROM VEHICLE,1307 1822 0345 1414 0329,330
745,VANDALISM - MISDEAMEANOR ($399 OR UNDER),0329 1822,745
350,"THEFT, PERSON",0344 0345,350
624,BATTERY - SIMPLE ASSAULT,1202 0416 0400 1218 1414,624
330,BURGLARY FROM VEHICLE,1202 1822 1300 0344,330
624,BATTERY - SIMPLE ASSAULT,0444 1218 1822 1202,624
210,ROBBERY,1822 1414 0344 1218,210
236,INTIMATE PARTNER - AGGRAVATED ASSAULT,2000 0411 1243 1813 0913 0334 0421 0445 2034 0416,236
330,BURGLARY FROM VEHICLE,1403 1414 1307 0344 0329 0345 0209,330
230,"ASSAULT WITH DEADLY WEAPON, AGGRAVATED ASSAULT",0910 0400 1202 2047 1822,230
510,VEHICLE - STOLEN,,510
888,TRESPASSING,2004 1300 1402,"888, 998"
740,"VANDALISM - FELONY ($400 & OVER, ALL CHURCH VANDALISMS)",1307 0329,740
341,"THEFT-GRAND ($950.01 & OVER)EXCPT,GUNS,FOWL,LIVESTK,PROD",0344 2032 1822 0377,341
440,THEFT PLAIN - PETTY ($950 & UNDER),2032 0344 0910,440
341,"THEFT-GRAND ($950.01 & OVER)EXCPT,GUNS,FOWL,LIVESTK,PROD",2021 0910 1218 0346 1822,341
624,BATTERY - SIMPLE ASSAULT,1218 0416 1822,624
745,VANDALISM - MISDEAMEANOR ($399 OR UNDER),0329 1310,745
442,SHOPLIFTING - PETTY THEFT ($950 & UNDER),344,442
755,BOMB SCARE,0404 1822 2040,755
510,VEHICLE - STOLEN,,510
230,"ASSAULT WITH DEADLY WEAPON, AGGRAVATED ASSAULT",2004 0445 1822 1402 1414 0345,"230, 998"
230,"ASSAULT WITH DEADLY WEAPON, AGGRAVATED ASSAULT",2004 0445 1822 1402 0345 1414,"230, 998"
437,RESISTING ARREST,400,437
330,BURGLARY FROM VEHICLE,0344 1307 0329 1609 1822,330
480,BIKE - STOLEN,0344 0397 1822 1259,480
886,DISTURBING THE PEACE,2021 0361,886
341,"THEFT-GRAND ($950.01 & OVER)EXCPT,GUNS,FOWL,LIVESTK,PROD",0344 1822 2032,341
745,VANDALISM - MISDEAMEANOR ($399 OR UNDER),329,745
626,INTIMATE PARTNER - SIMPLE ASSAULT,2000 0913 1814 0429 0448 1414,626
230,"ASSAULT WITH DEADLY WEAPON, AGGRAVATED ASSAULT",0416 1218 2004 1822 0319 1414,230
420,THEFT FROM MOTOR VEHICLE - PETTY ($950 & UNDER),,420
626,INTIMATE PARTNER - SIMPLE ASSAULT,2000 1251 0448,626
740,"VANDALISM - FELONY ($400 & OVER, ALL CHURCH VANDALISMS)",0329 2004 0910,740
210,ROBBERY,1822 0416 0344 1218 0371 0377 1414,210
440,THEFT PLAIN - PETTY ($950 & UNDER),0344 1822,440
341,"THEFT-GRAND ($950.01 & OVER)EXCPT,GUNS,FOWL,LIVESTK,PROD",,341
626,INTIMATE PARTNER - SIMPLE ASSAULT,2000 1814 0400,626
420,THEFT FROM MOTOR VEHICLE - PETTY ($950 & UNDER),,420
624,BATTERY - SIMPLE ASSAULT,0416 0910 1822,624
331,THEFT FROM MOTOR VEHICLE - GRAND ($950.01 AND OVER),1822 0344 1300 0385,331
753,DISCHARGE FIREARMS/SHOTS FIRED,1414 1407 1822 1100,753
928,THREATENING PHONE CALLS/LETTERS,0359 0421 1814 0602 0913,928
812,CRM AGNST CHLD (13 OR UNDER) (14-15 & SUSP 10 YRS OLDER),0522 0913 1258 0558,"812, 860"
624,BATTERY - SIMPLE ASSAULT,0416 1822,624
624,BATTERY - SIMPLE ASSAULT,0416 1822 0429,624
331,THEFT FROM MOTOR VEHICLE - GRAND ($950.01 AND OVER),0344 0385,331
624,BATTERY - SIMPLE ASSAULT,0416 0305 1822,624
440,THEFT PLAIN - PETTY ($950 & UNDER),1218 2060 2034 0344 0377 1822,440
740,"VANDALISM - FELONY ($400 & OVER, ALL CHURCH VANDALISMS)",2004 1402 1020 1307 0329,"740, 998"
624,BATTERY - SIMPLE ASSAULT,2050 2052 2034 0416 0910 1822,624
860,BATTERY WITH SEXUAL CONTACT,0522 1822 0448,860
220,ATTEMPTED ROBBERY,0400 1822,220
330,BURGLARY FROM VEHICLE,0344 1609 1307 1822 0329,330
341,"THEFT-GRAND ($950.01 & OVER)EXCPT,GUNS,FOWL,LIVESTK,PROD",0344 1822 1221,341
946,OTHER MISCELLANEOUS CRIME,0901 0910,946
310,BURGLARY,0344 1606 1822,310
442,SHOPLIFTING - PETTY THEFT ($950 & UNDER),0325 0344 1822,442
440,THEFT PLAIN - PETTY ($950 & UNDER),1822 1218 0344 2032,440
330,BURGLARY FROM VEHICLE,1307 0344 0352,330
420,THEFT FROM MOTOR VEHICLE - PETTY ($950 & UNDER),0344 0377 1402,"420, 998"
341,"THEFT-GRAND ($950.01 & OVER)EXCPT,GUNS,FOWL,LIVESTK,PROD",0344 1218 1822 2032,341
210,ROBBERY,2003 1268 2004 2001 0344 2002 0913 1019 0421 1221,210
341,"THEFT-GRAND ($950.01 & OVER)EXCPT,GUNS,FOWL,LIVESTK,PROD",0910 0344 2032,341
440,THEFT PLAIN - PETTY ($950 & UNDER),2032 0910 0344,440
330,BURGLARY FROM VEHICLE,1609 0344,330
330,BURGLARY FROM VEHICLE,1605 1300 1822 0344,330
624,BATTERY - SIMPLE ASSAULT,0913 0562 0400 0416,624
420,THEFT FROM MOTOR VEHICLE - PETTY ($950 & UNDER),,420
860,BATTERY WITH SEXUAL CONTACT,0400 0305 1822,860
860,BATTERY WITH SEXUAL CONTACT,0416 1822 0500,860
860,BATTERY WITH SEXUAL CONTACT,0416 1822,860
860,BATTERY WITH SEXUAL CONTACT,0416 0305 1822,860
350,"THEFT, PERSON",0400 0344 1822 2004,350
761,BRANDISH WEAPON,0334 0421 1822,761
753,DISCHARGE FIREARMS/SHOTS FIRED,1100 1402,"753, 998"
480,BIKE - STOLEN,0344 0910 0397 1602 1822 1414,480
210,ROBBERY,0416 2004 1822 1414 0945 1266 0344,210
624,BATTERY - SIMPLE ASSAULT,0416 0400 1822 2004 0417,624
510,VEHICLE - STOLEN,,510
910,KIDNAPPING,0418 1822 1309 0429 1305 1000,910
420,THEFT FROM MOTOR VEHICLE - PETTY ($950 & UNDER),1300 1822 0344 1606,420
210,ROBBERY,0377 0420 1822 1218 0305 0344,210
330,BURGLARY FROM VEHICLE,1307 1822 0329 1414 1609 0344,330
440,THEFT PLAIN - PETTY ($950 & UNDER),1202 0377 2034 0344,440
624,BATTERY - SIMPLE ASSAULT,431,624
624,BATTERY - SIMPLE ASSAULT,0416 0417 0444 1218 1822,624
510,VEHICLE - STOLEN,,510
440,THEFT PLAIN - PETTY ($950 & UNDER),2032 1822 0377 1202 0344,440
440,THEFT PLAIN - PETTY ($950 & UNDER),2032 1822 0377 0344,440
343,SHOPLIFTING-GRAND THEFT ($950.01 & OVER),1607 1822 1414 0325,343
420,THEFT FROM MOTOR VEHICLE - PETTY ($950 & UNDER),0377 1822 1300 0344 1606,420
626,INTIMATE PARTNER - SIMPLE ASSAULT,2000 0416 0913,626
310,BURGLARY,1822 1609 0321 1420,310
900,VIOLATION OF COURT ORDER,2038 2000 0913 1906 1813,900
330,BURGLARY FROM VEHICLE,1307 0329 1822 1609 0344,330
740,"VANDALISM - FELONY ($400 & OVER, ALL CHURCH VANDALISMS)",329,740
956,"LETTERS, LEWD  -  TELEPHONE CALLS, LEWD",1906 0913,956
760,LEWD/LASCIVIOUS ACTS WITH CHILD,0552 0501 0913 0522,760
510,VEHICLE - STOLEN,,510
956,"LETTERS, LEWD  -  TELEPHONE CALLS, LEWD",1912,956
220,ATTEMPTED ROBBERY,0913 1309 0416 0448,220
624,BATTERY - SIMPLE ASSAULT,0416 1822,624
624,BATTERY - SIMPLE ASSAULT,0400 1822,624
624,BATTERY - SIMPLE ASSAULT,1822 0416,624
330,BURGLARY FROM VEHICLE,1307 1822 0329 0344 1609,330
623,BATTERY POLICE (SIMPLE),0417 1822 1212,623
330,BURGLARY FROM VEHICLE,0344 1601 0321,330
420,THEFT FROM MOTOR VEHICLE - PETTY ($950 & UNDER),344,420
420,THEFT FROM MOTOR VEHICLE - PETTY ($950 & UNDER),0344 1601 0321,420
341,"THEFT-GRAND ($950.01 & OVER)EXCPT,GUNS,FOWL,LIVESTK,PROD",344,341
930,CRIMINAL THREATS - NO WEAPON DISPLAYED,0443 0421 0913,930
210,ROBBERY,0344 0355 1218 1822 0444 1268,210
740,"VANDALISM - FELONY ($400 & OVER, ALL CHURCH VANDALISMS)",0329 1822,740
210,ROBBERY,0416 0429 2004 1822 0444 0344,210
420,THEFT FROM MOTOR VEHICLE - PETTY ($950 & UNDER),,420
648,ARSON,1501,648
230,"ASSAULT WITH DEADLY WEAPON, AGGRAVATED ASSAULT",0913 1268 1218 2004 0431,230
762,LEWD CONDUCT,0528 0529 0910,762
510,VEHICLE - STOLEN,,510
442,SHOPLIFTING - PETTY THEFT ($950 & UNDER),0325 2004,442
510,VEHICLE - STOLEN,,510
420,THEFT FROM MOTOR VEHICLE - PETTY ($950 & UNDER),,420
888,TRESPASSING,0910 1501 2004,888
330,BURGLARY FROM VEHICLE,1307 0329 1822 1609 0344,330
440,THEFT PLAIN - PETTY ($950 & UNDER),0394 0344,440
812,CRM AGNST CHLD (13 OR UNDER) (14-15 & SUSP 10 YRS OLDER),0602 0913 1251 1258 0400 0500 0522 2034 0556,"812, 860"
442,SHOPLIFTING - PETTY THEFT ($950 & UNDER),325,442
480,BIKE - STOLEN,0397 0344,480
330,BURGLARY FROM VEHICLE,1609 0344,330
624,BATTERY - SIMPLE ASSAULT,0416 1822 1266 2004,624
930,CRIMINAL THREATS - NO WEAPON DISPLAYED,0432 0443 0913,930
440,THEFT PLAIN - PETTY ($950 & UNDER),2032 0377 1822 0344,440
440,THEFT PLAIN - PETTY ($950 & UNDER),0394 1822 0344,440
860,BATTERY WITH SEXUAL CONTACT,1822 0448,860
236,INTIMATE PARTNER - AGGRAVATED ASSAULT,0416 0432 0913 1243 1813 2000 0447,236
946,OTHER MISCELLANEOUS CRIME,,"946, 998"
330,BURGLARY FROM VEHICLE,1307 0329 1822 1609 0344,330
310,BURGLARY,0344 1822 0397 1602,310
624,BATTERY - SIMPLE ASSAULT,0416 1218 2004,624
440,THEFT PLAIN - PETTY ($950 & UNDER),0913 1820 0344 1202,440
740,"VANDALISM - FELONY ($400 & OVER, ALL CHURCH VANDALISMS)",329,740
310,BURGLARY,1607 0344 1822 1414 1602,310
624,BATTERY - SIMPLE ASSAULT,0416 1822,624
350,"THEFT, PERSON",2004 0344,350
440,THEFT PLAIN - PETTY ($950 & UNDER),0344 2034,440
343,SHOPLIFTING-GRAND THEFT ($950.01 & OVER),1822 2032 0325,343
815,SEXUAL PENETRATION W/FOREIGN OBJECT,0532 0515 1218 2004 0913,815
624,BATTERY - SIMPLE ASSAULT,0416 1822,624
310,BURGLARY,1822 1607 0344,310
510,VEHICLE - STOLEN,,510
210,ROBBERY,1309 0416 0429 0344 1822,210
350,"THEFT, PERSON",0345 1822 0344 1308,350
845,SEX OFFENDER REGISTRANT OUT OF COMPLIANCE,1501,845
330,BURGLARY FROM VEHICLE,1822 1300 1606 0344,330
624,BATTERY - SIMPLE ASSAULT,0913 0416,624
354,THEFT OF IDENTITY,1822 1501 0930 2004,354
661,UNAUTHORIZED COMPUTER ACCESS,1904 1914 1822 1911,661
331,THEFT FROM MOTOR VEHICLE - GRAND ($950.01 AND OVER),0344 1822 1606,331
626,INTIMATE PARTNER - SIMPLE ASSAULT,2000 0419 0913,626
330,BURGLARY FROM VEHICLE,1307 0329 1822 1609 0344,330
480,BIKE - STOLEN,0344 0346 1822,480
740,"VANDALISM - FELONY ($400 & OVER, ALL CHURCH VANDALISMS)",0329 1307 1609 1822,740
626,INTIMATE PARTNER - SIMPLE ASSAULT,2000 0416 1813,626
625,OTHER ASSAULT,0356 2004 1266 1822,625
626,INTIMATE PARTNER - SIMPLE ASSAULT,1218 1414 2000 1814,626
440,THEFT PLAIN - PETTY ($950 & UNDER),0377 1822 1218 2032 0344,440
420,THEFT FROM MOTOR VEHICLE - PETTY ($950 & UNDER),0344 1822,420
121,"RAPE, FORCIBLE",0527 0913 0940 0509 2002 0540 0513 0516 0551 1814,121
860,BATTERY WITH SEXUAL CONTACT,1822 0522 0305 0400 0448 1402 1414,860
860,BATTERY WITH SEXUAL CONTACT,1402 1414 0400 0522 1822 0305 0448,860
510,VEHICLE - STOLEN,,510
761,BRANDISH WEAPON,0334 1402 2004 2003 1822,"761, 998"
230,"ASSAULT WITH DEADLY WEAPON, AGGRAVATED ASSAULT",1822 0416 1218 0421 0319,230
624,BATTERY - SIMPLE ASSAULT,0305 0416 1822 1218,624
745,VANDALISM - MISDEAMEANOR ($399 OR UNDER),0329 0910 2004 1307,745
956,"LETTERS, LEWD  -  TELEPHONE CALLS, LEWD",1906 2041,956
351,PURSE SNATCHING,0377 1822 0304 0346,351
220,ATTEMPTED ROBBERY,1202 1822 1218 1238 0337 0416 0448,220
745,VANDALISM - MISDEAMEANOR ($399 OR UNDER),1310 1309 0329 0919 0447,745
236,INTIMATE PARTNER - AGGRAVATED ASSAULT,2000 0913 1243 1814 0447,236
860,BATTERY WITH SEXUAL CONTACT,1822 0448 0522,860
510,VEHICLE - STOLEN,,510
480,BIKE - STOLEN,1218 1822 0344 0397,480
440,THEFT PLAIN - PETTY ($950 & UNDER),1218 0344,440
440,THEFT PLAIN - PETTY ($950 & UNDER),1822 1218 0377 0913 1817 0344,440
310,BURGLARY,1822 0397 0344,310
624,BATTERY - SIMPLE ASSAULT,0446 0416,624
343,SHOPLIFTING-GRAND THEFT ($950.01 & OVER),0325 0104 0342,343
330,BURGLARY FROM VEHICLE,1822 0344 1300,330
740,"VANDALISM - FELONY ($400 & OVER, ALL CHURCH VANDALISMS)",329,740
341,"THEFT-GRAND ($950.01 & OVER)EXCPT,GUNS,FOWL,LIVESTK,PROD",1822 2032 0344,341
330,BURGLARY FROM VEHICLE,0344 0329 1609 1307 1601 0354,330
341,"THEFT-GRAND ($950.01 & OVER)EXCPT,GUNS,FOWL,LIVESTK,PROD",0344 1822 1414 2032,341
230,"ASSAULT WITH DEADLY WEAPON, AGGRAVATED ASSAULT",1218 2004 0411 1822 0906 2033 1206,230
330,BURGLARY FROM VEHICLE,1609 0344 1307 1822 0329 1266,330
626,INTIMATE PARTNER - SIMPLE ASSAULT,2000 0416 0913,626
330,BURGLARY FROM VEHICLE,1609 0344 1307 0329 1822,330
510,VEHICLE - STOLEN,,510
480,BIKE - STOLEN,0344 0910 1822 2032,480
331,THEFT FROM MOTOR VEHICLE - GRAND ($950.01 AND OVER),0321 0344 1300,331
510,VEHICLE - STOLEN,,510
624,BATTERY - SIMPLE ASSAULT,0416 0444,624
330,BURGLARY FROM VEHICLE,1609 0344 1307 0329 1822,330
761,BRANDISH WEAPON,0334 1822 0429 2029 0344,761
821,SODOMY/SEXUAL CONTACT B/W PENIS OF ONE PERS TO ANUS OTH,0417 1501 1218 2033 1822,821
510,VEHICLE - STOLEN,,510
341,"THEFT-GRAND ($950.01 & OVER)EXCPT,GUNS,FOWL,LIVESTK,PROD",0947 0344 1218 1822,341
210,ROBBERY,0344 0400 1822 2004 0910,210
330,BURGLARY FROM VEHICLE,1609 0344 1307 0329 1822 0377,330
440,THEFT PLAIN - PETTY ($950 & UNDER),1218 0344 1822,440
310,BURGLARY,0344 1822,310
900,VIOLATION OF COURT ORDER,1501,900
310,BURGLARY,0344 1414 1822,"310, 998"
762,LEWD CONDUCT,1218 1414 0340 0528,762
330,BURGLARY FROM VEHICLE,1202 1822 1609 1307 0344 0329,330
442,SHOPLIFTING - PETTY THEFT ($950 & UNDER),0344 2028 1822,442
668,"EMBEZZLEMENT, GRAND THEFT ($950.01 & OVER)",1803 0601 0913,668
442,SHOPLIFTING - PETTY THEFT ($950 & UNDER),0344 2004,442
442,SHOPLIFTING - PETTY THEFT ($950 & UNDER),0344 2004 0378,442
510,VEHICLE - STOLEN,,510
210,ROBBERY,1414 1402 1218 0344 0416 0913 1313,"210, 998"
210,ROBBERY,1822 0945 0378 0344 0443 0444 2004,210
440,THEFT PLAIN - PETTY ($950 & UNDER),0344 1822,440
745,VANDALISM - MISDEAMEANOR ($399 OR UNDER),329,745
740,"VANDALISM - FELONY ($400 & OVER, ALL CHURCH VANDALISMS)",329,740
341,"THEFT-GRAND ($950.01 & OVER)EXCPT,GUNS,FOWL,LIVESTK,PROD",0344 1822,341
330,BURGLARY FROM VEHICLE,0344 1609 0321,330
330,BURGLARY FROM VEHICLE,1302 1307 0344,330
740,"VANDALISM - FELONY ($400 & OVER, ALL CHURCH VANDALISMS)",0329 1309,740
210,ROBBERY,0340 0334 0302 0355 0344 0377 1822,210
740,"VANDALISM - FELONY ($400 & OVER, ALL CHURCH VANDALISMS)",0329 1822 1309,740
237,CHILD NEGLECT (SEE 300 W.I.C.),0553 1257 2001,237
624,BATTERY - SIMPLE ASSAULT,1822 1218 0416 0417 2002 0319 0445,624
230,"ASSAULT WITH DEADLY WEAPON, AGGRAVATED ASSAULT",0411 0445 2002 1206 1822 0416 1234,230
624,BATTERY - SIMPLE ASSAULT,0444 1822 0421 1266,624
761,BRANDISH WEAPON,0334 1822,761
624,BATTERY - SIMPLE ASSAULT,0416 0429 1822,624
624,BATTERY - SIMPLE ASSAULT,0416 1822 0344,624
624,BATTERY - SIMPLE ASSAULT,0416 1822 0344,624
624,BATTERY - SIMPLE ASSAULT,0416 1822 0344,624
440,THEFT PLAIN - PETTY ($950 & UNDER),0344 2004 1822 1218,440
310,BURGLARY,0344 1609 1822,310
624,BATTERY - SIMPLE ASSAULT,1822 0444,624
740,"VANDALISM - FELONY ($400 & OVER, ALL CHURCH VANDALISMS)",0329 0913 1420,740
624,BATTERY - SIMPLE ASSAULT,0416 0429 0910 2047 0448 2048 1822,624
330,BURGLARY FROM VEHICLE,0344 1609 1307 0329 1822,330
330,BURGLARY FROM VEHICLE,0344 1609 1307 0329 1822,330
930,CRIMINAL THREATS - NO WEAPON DISPLAYED,0913 2004 1218 0416 0421 1206,930
354,THEFT OF IDENTITY,0377 0910 1822,354
210,ROBBERY,1822 0416,210
510,VEHICLE - STOLEN,,510
230,"ASSAULT WITH DEADLY WEAPON, AGGRAVATED ASSAULT",1310 0340 0919 0445 0329 1822,230
624,BATTERY - SIMPLE ASSAULT,0416 0917 0913,624
121,"RAPE, FORCIBLE",1402 1415 1206 1219 0520 0527 1822 0522 0510 0409,"121, 998"
930,CRIMINAL THREATS - NO WEAPON DISPLAYED,1817 0443 1912,930
740,"VANDALISM - FELONY ($400 & OVER, ALL CHURCH VANDALISMS)",2004 0329,740
624,BATTERY - SIMPLE ASSAULT,1402 2004 0917 0913 0444 0416,"624, 998"
624,BATTERY - SIMPLE ASSAULT,416,624
210,ROBBERY,1218 2004 0416 0344 1202 1822,210
624,BATTERY - SIMPLE ASSAULT,1218 0416 0913,624
480,BIKE - STOLEN,0344 0400 1822 1608,480
510,VEHICLE - STOLEN,,510
310,BURGLARY,0344 0397 0329 1602 1822,"310, 480"
442,SHOPLIFTING - PETTY THEFT ($950 & UNDER),0344 0378,442
230,"ASSAULT WITH DEADLY WEAPON, AGGRAVATED ASSAULT",2004 1402 0917 1266 2028 0378 0429 0416 1414 1822,"230, 998"
442,SHOPLIFTING - PETTY THEFT ($950 & UNDER),0344 0378,442
860,BATTERY WITH SEXUAL CONTACT,1402 0522 0305,"860, 998"
510,VEHICLE - STOLEN,,510
341,"THEFT-GRAND ($950.01 & OVER)EXCPT,GUNS,FOWL,LIVESTK,PROD",344,341
745,VANDALISM - MISDEAMEANOR ($399 OR UNDER),1300 0329 1501,745
330,BURGLARY FROM VEHICLE,1307 1609 0344 0329 1822,330
624,BATTERY - SIMPLE ASSAULT,0416 1822 1414,624
330,BURGLARY FROM VEHICLE,1300 0344,330
624,BATTERY - SIMPLE ASSAULT,0416 1822,624
930,CRIMINAL THREATS - NO WEAPON DISPLAYED,0421 2004 0913,930
930,CRIMINAL THREATS - NO WEAPON DISPLAYED,0421 2004 0913,930
442,SHOPLIFTING - PETTY THEFT ($950 & UNDER),0325 2004,442
442,SHOPLIFTING - PETTY THEFT ($950 & UNDER),325,442
230,"ASSAULT WITH DEADLY WEAPON, AGGRAVATED ASSAULT",0411 0305 1822 1218 1212,230
648,ARSON,,648
310,BURGLARY,0344 1607,310
121,"RAPE, FORCIBLE",0527 0519 0913 1814,121
330,BURGLARY FROM VEHICLE,0344 1605 1822 1300,330
341,"THEFT-GRAND ($950.01 & OVER)EXCPT,GUNS,FOWL,LIVESTK,PROD",0344 1822,341
341,"THEFT-GRAND ($950.01 & OVER)EXCPT,GUNS,FOWL,LIVESTK,PROD",0344 1822,341
341,"THEFT-GRAND ($950.01 & OVER)EXCPT,GUNS,FOWL,LIVESTK,PROD",0344 1822,341
330,BURGLARY FROM VEHICLE,1609 0344 1307 1822 0329,330
330,BURGLARY FROM VEHICLE,1300 0344 1609 1307,330
480,BIKE - STOLEN,0344 1608 1822,480
440,THEFT PLAIN - PETTY ($950 & UNDER),0344 2032 1822 0394,440
440,THEFT PLAIN - PETTY ($950 & UNDER),0344 1822,440
946,OTHER MISCELLANEOUS CRIME,0910 2004 1822,946
740,"VANDALISM - FELONY ($400 & OVER, ALL CHURCH VANDALISMS)",0329 1300 1822,740
440,THEFT PLAIN - PETTY ($950 & UNDER),0344 0394 1822,440
888,TRESPASSING,1501 2004,888
626,INTIMATE PARTNER - SIMPLE ASSAULT,1814 2000 0401 0416,626
330,BURGLARY FROM VEHICLE,0344 1609 1307 0329 1822 0377,330
510,VEHICLE - STOLEN,,510
664,"BUNCO, PETTY THEFT",0344 0800 0701 1900 1916 1822,664
662,"BUNCO, GRAND THEFT",0701 0800 0344,662
341,"THEFT-GRAND ($950.01 & OVER)EXCPT,GUNS,FOWL,LIVESTK,PROD",1606 0344 0917 1822,341
901,VIOLATION OF RESTRAINING ORDER,2038,901
442,SHOPLIFTING - PETTY THEFT ($950 & UNDER),0344 2028 1414 0913,442
510,VEHICLE - STOLEN,,510
236,INTIMATE PARTNER - AGGRAVATED ASSAULT,0416 2000 1218 0913 1402 0408 2004 1814,"236, 998"
624,BATTERY - SIMPLE ASSAULT,0305 0444 0361 0913,624
624,BATTERY - SIMPLE ASSAULT,1802 0913 0319 0416 1309,624
440,THEFT PLAIN - PETTY ($950 & UNDER),0344 1218 2032 1822 0377,440
900,VIOLATION OF COURT ORDER,1402 2038,"900, 998"
330,BURGLARY FROM VEHICLE,344,330
624,BATTERY - SIMPLE ASSAULT,0416 1822 1266,624
888,TRESPASSING,2004 1501,888
812,CRM AGNST CHLD (13 OR UNDER) (14-15 & SUSP 10 YRS OLDER),0522 1251 1258 0913 0558,"812, 860"
442,SHOPLIFTING - PETTY THEFT ($950 & UNDER),0344 2004 0378,442
440,THEFT PLAIN - PETTY ($950 & UNDER),0324 1402,"440, 998"
624,BATTERY - SIMPLE ASSAULT,0429 0444 1822,624
420,THEFT FROM MOTOR VEHICLE - PETTY ($950 & UNDER),,420
624,BATTERY - SIMPLE ASSAULT,0416 1822 0417,624
330,BURGLARY FROM VEHICLE,1307 1609 0344 0329 1822,330
740,"VANDALISM - FELONY ($400 & OVER, ALL CHURCH VANDALISMS)",0329 1307,740
930,CRIMINAL THREATS - NO WEAPON DISPLAYED,2024 1815 0421 0432 1251 1259 0913 0342 1912,930
210,ROBBERY,0344 0416 0444 0429 1822 1414 0377,210
350,"THEFT, PERSON",0344 0305 0345 1822,350
625,OTHER ASSAULT,0356 1822 1000,625
350,"THEFT, PERSON",0336 0346 1822 0910,350
745,VANDALISM - MISDEAMEANOR ($399 OR UNDER),0329 1307 1822,745
440,THEFT PLAIN - PETTY ($950 & UNDER),0605 1822 0344 0377 1202,440
341,"THEFT-GRAND ($950.01 & OVER)EXCPT,GUNS,FOWL,LIVESTK,PROD",0344 2032 1822,341
440,THEFT PLAIN - PETTY ($950 & UNDER),0910 0344 2032 1822,440
740,"VANDALISM - FELONY ($400 & OVER, ALL CHURCH VANDALISMS)",0329 1822,740
442,SHOPLIFTING - PETTY THEFT ($950 & UNDER),344,442
330,BURGLARY FROM VEHICLE,0329 1822 1307 1609 0344,330
740,"VANDALISM - FELONY ($400 & OVER, ALL CHURCH VANDALISMS)",329,740
740,"VANDALISM - FELONY ($400 & OVER, ALL CHURCH VANDALISMS)",0329 1822,740
956,"LETTERS, LEWD  -  TELEPHONE CALLS, LEWD",1414 0421 1903 1912 1822,956
330,BURGLARY FROM VEHICLE,0344 1302 0329,330
341,"THEFT-GRAND ($950.01 & OVER)EXCPT,GUNS,FOWL,LIVESTK,PROD",344,341
626,INTIMATE PARTNER - SIMPLE ASSAULT,2000 0913 1814 0416 0447,626
888,TRESPASSING,1822,888
845,SEX OFFENDER REGISTRANT OUT OF COMPLIANCE,1501,845
624,BATTERY - SIMPLE ASSAULT,0416 1822,624
341,"THEFT-GRAND ($950.01 & OVER)EXCPT,GUNS,FOWL,LIVESTK,PROD",1501 1822,341
330,BURGLARY FROM VEHICLE,0344 1822 0329 1307 1609 1414,330
442,SHOPLIFTING - PETTY THEFT ($950 & UNDER),0344 0325 1822 2028,442
330,BURGLARY FROM VEHICLE,0344 1414 0329 1822 1307 1609,330
624,BATTERY - SIMPLE ASSAULT,0416 1822,624
442,SHOPLIFTING - PETTY THEFT ($950 & UNDER),2004 0344,442
230,"ASSAULT WITH DEADLY WEAPON, AGGRAVATED ASSAULT",2003 0561 0913 0602 1202 1402 0416,"230, 998"
624,BATTERY - SIMPLE ASSAULT,0416 1822 0910 1202,624
946,OTHER MISCELLANEOUS CRIME,1501,946
330,BURGLARY FROM VEHICLE,0344 1307 1609 0329 1822,330
753,DISCHARGE FIREARMS/SHOTS FIRED,1501 1822 0329 1414 1100,753
330,BURGLARY FROM VEHICLE,1606 0352 0344 1822,330
330,BURGLARY FROM VEHICLE,0344 1307 1609 0329 1822,330
930,CRIMINAL THREATS - NO WEAPON DISPLAYED,0421 0554 0446,930
350,"THEFT, PERSON",0336 0344,350
930,CRIMINAL THREATS - NO WEAPON DISPLAYED,0400 0432 0421 0913,930
210,ROBBERY,0913 1218 2004 0344 1402 0907 0443 2034 2060,"210, 998"
230,"ASSAULT WITH DEADLY WEAPON, AGGRAVATED ASSAULT",0305 0431 1822 0334,230
420,THEFT FROM MOTOR VEHICLE - PETTY ($950 & UNDER),,420
956,"LETTERS, LEWD  -  TELEPHONE CALLS, LEWD",1906 0337,956
236,INTIMATE PARTNER - AGGRAVATED ASSAULT,1414 0907 1402 2004 1218 0416 0401 2000 0913,"236, 998"
903,CONTEMPT OF COURT,1501,903
624,BATTERY - SIMPLE ASSAULT,1814 0913 1601 0416,624
510,VEHICLE - STOLEN,,510
649,DOCUMENT FORGERY / STOLEN FELONY,1822 0100 0923,649
930,CRIMINAL THREATS - NO WEAPON DISPLAYED,0913 2000 0443 2004 1813 1309,930
354,THEFT OF IDENTITY,0930 1822,354
510,VEHICLE - STOLEN,,510
900,VIOLATION OF COURT ORDER,1501,900
442,SHOPLIFTING - PETTY THEFT ($950 & UNDER),344,442
649,DOCUMENT FORGERY / STOLEN FELONY,924,649
230,"ASSAULT WITH DEADLY WEAPON, AGGRAVATED ASSAULT",0416 1822 1414 1266 0444,230
442,SHOPLIFTING - PETTY THEFT ($950 & UNDER),2004 0344 1402 0907,"442, 998"
230,"ASSAULT WITH DEADLY WEAPON, AGGRAVATED ASSAULT",0416 2004 1822 1414 0447,230
624,BATTERY - SIMPLE ASSAULT,0416 2004 1822,624
510,VEHICLE - STOLEN,,510
662,"BUNCO, GRAND THEFT",0701 1501 1822,662
442,SHOPLIFTING - PETTY THEFT ($950 & UNDER),344,442
230,"ASSAULT WITH DEADLY WEAPON, AGGRAVATED ASSAULT",0416 2004 1218 0913,230
946,OTHER MISCELLANEOUS CRIME,1501 9999,946
330,BURGLARY FROM VEHICLE,1302 0344,330
624,BATTERY - SIMPLE ASSAULT,1402 0419 0522 2004,"624, 998"
330,BURGLARY FROM VEHICLE,0344 1609 1307 0329 1822,330
210,ROBBERY,0344 0444 0416 1822 2034,210
740,"VANDALISM - FELONY ($400 & OVER, ALL CHURCH VANDALISMS)",1402 0329 2004 1822 0447 0906,"740, 998"
901,VIOLATION OF RESTRAINING ORDER,913,901
420,THEFT FROM MOTOR VEHICLE - PETTY ($950 & UNDER),0344 1606 0354 0913 1810,420
901,VIOLATION OF RESTRAINING ORDER,0913 2021 2038 1218 2004,901
668,"EMBEZZLEMENT, GRAND THEFT ($950.01 & OVER)",1803 0344 0913,668
740,"VANDALISM - FELONY ($400 & OVER, ALL CHURCH VANDALISMS)",0329 1822 1420,740
624,BATTERY - SIMPLE ASSAULT,0913 0400 0401 0416 0417 0419 2024 2003 0562,624
440,THEFT PLAIN - PETTY ($950 & UNDER),0344 1218 1605 1822,440
649,DOCUMENT FORGERY / STOLEN FELONY,1822 0924 1402,"649, 998"
624,BATTERY - SIMPLE ASSAULT,0416 1814 2004 1218 0319 0329,624
480,BIKE - STOLEN,344,480
310,BURGLARY,0344 1822 1414 1403,310
480,BIKE - STOLEN,0344 0397,480
440,THEFT PLAIN - PETTY ($950 & UNDER),0344 2004,440
230,"ASSAULT WITH DEADLY WEAPON, AGGRAVATED ASSAULT",0416 0417 1218 1822,230
331,THEFT FROM MOTOR VEHICLE - GRAND ($950.01 AND OVER),344,331
341,"THEFT-GRAND ($950.01 & OVER)EXCPT,GUNS,FOWL,LIVESTK,PROD",1822 2032 0344,341
330,BURGLARY FROM VEHICLE,1307 0329 1822 1609 0344,330
341,"THEFT-GRAND ($950.01 & OVER)EXCPT,GUNS,FOWL,LIVESTK,PROD",2032 1822 0910 0344,341
330,BURGLARY FROM VEHICLE,1307 1822 0329 1609 0344,330
330,BURGLARY FROM VEHICLE,1307 0329 1822 1609 0344,330
341,"THEFT-GRAND ($950.01 & OVER)EXCPT,GUNS,FOWL,LIVESTK,PROD",1822 0344 2032,341
626,INTIMATE PARTNER - SIMPLE ASSAULT,1414 0416 1814 2000 1218,626
330,BURGLARY FROM VEHICLE,1307 0329 1822 1609 0344,330
343,SHOPLIFTING-GRAND THEFT ($950.01 & OVER),0913 1402 0344 1803,"343, 997"
624,BATTERY - SIMPLE ASSAULT,0416 1402 0907,"624, 998"
420,THEFT FROM MOTOR VEHICLE - PETTY ($950 & UNDER),,420
210,ROBBERY,2000 0448 0408 0429 0913 0344 1218 2001,210
310,BURGLARY,0344 0917 0321 1822,310
210,ROBBERY,0344 0416 0417 0429 1822 1414,210
745,VANDALISM - MISDEAMEANOR ($399 OR UNDER),0329 0400,745
624,BATTERY - SIMPLE ASSAULT,0917 2004 0447 0329,624
761,BRANDISH WEAPON,0334 1822 0443 0319 0910,761
956,"LETTERS, LEWD  -  TELEPHONE CALLS, LEWD",,956
740,"VANDALISM - FELONY ($400 & OVER, ALL CHURCH VANDALISMS)",1822 0329 1307 1202,740
330,BURGLARY FROM VEHICLE,1307 0344 0329 1609 1822 0377,330
440,THEFT PLAIN - PETTY ($950 & UNDER),0344 1414 2032 1202 1822,440
440,THEFT PLAIN - PETTY ($950 & UNDER),0344 2032 1822,440
230,"ASSAULT WITH DEADLY WEAPON, AGGRAVATED ASSAULT",0342 1309 0913 0447,"230, 998"
624,BATTERY - SIMPLE ASSAULT,0917 2004 0416,624
341,"THEFT-GRAND ($950.01 & OVER)EXCPT,GUNS,FOWL,LIVESTK,PROD",0917 0344 2004 2032 1822,341
330,BURGLARY FROM VEHICLE,1307 0344 0329 1609 1822,330
740,"VANDALISM - FELONY ($400 & OVER, ALL CHURCH VANDALISMS)",0910 1402 0329 2048,"740, 998"
330,BURGLARY FROM VEHICLE,0329 0344 0385 1307 1609,330
648,ARSON,0329 1822 1414,648
510,VEHICLE - STOLEN,,510
330,BURGLARY FROM VEHICLE,0344 1609,330
442,SHOPLIFTING - PETTY THEFT ($950 & UNDER),2004 0344,442
626,INTIMATE PARTNER - SIMPLE ASSAULT,2038 1300 0913 2000 0329 1814,"626, 740"
625,OTHER ASSAULT,1202 0345 0356 1822 0910,625
510,VEHICLE - STOLEN,,510
230,"ASSAULT WITH DEADLY WEAPON, AGGRAVATED ASSAULT",1414 0416 0429 1822 0910,230
230,"ASSAULT WITH DEADLY WEAPON, AGGRAVATED ASSAULT",1420 0416 0429 1822 0417 1218,230
330,BURGLARY FROM VEHICLE,1307 0344 1609 1414 1822 0329 1403,330
354,THEFT OF IDENTITY,,354
813,CHILD ANNOYING (17YRS & UNDER),0558 0913 0500,813
310,BURGLARY,1607 0358 0344,310
745,VANDALISM - MISDEAMEANOR ($399 OR UNDER),0329 1307 1822,745
956,"LETTERS, LEWD  -  TELEPHONE CALLS, LEWD",,956
956,"LETTERS, LEWD  -  TELEPHONE CALLS, LEWD",,956
956,"LETTERS, LEWD  -  TELEPHONE CALLS, LEWD",,956
440,THEFT PLAIN - PETTY ($950 & UNDER),2032 0344,440
956,"LETTERS, LEWD  -  TELEPHONE CALLS, LEWD",,956
956,"LETTERS, LEWD  -  TELEPHONE CALLS, LEWD",,956
440,THEFT PLAIN - PETTY ($950 & UNDER),2032 0344,440
330,BURGLARY FROM VEHICLE,1609 0344,330
420,THEFT FROM MOTOR VEHICLE - PETTY ($950 & UNDER),1822 0344 1300 1606,420
330,BURGLARY FROM VEHICLE,1307 0344,330
442,SHOPLIFTING - PETTY THEFT ($950 & UNDER),0344 0325 1822 1420 0104,442
510,VEHICLE - STOLEN,,510
624,BATTERY - SIMPLE ASSAULT,0444 0416,624
440,THEFT PLAIN - PETTY ($950 & UNDER),1202 1822 2034 0344 1218,440
946,OTHER MISCELLANEOUS CRIME,1309 1501,946
330,BURGLARY FROM VEHICLE,1609 1822 1307 0344 0329,330
440,THEFT PLAIN - PETTY ($950 & UNDER),1218 0913 0344 2060,440
230,"ASSAULT WITH DEADLY WEAPON, AGGRAVATED ASSAULT",0913 0361 0431 1218 2004,230
230,"ASSAULT WITH DEADLY WEAPON, AGGRAVATED ASSAULT",0342 1309 0913 0447,"230, 998"
626,INTIMATE PARTNER - SIMPLE ASSAULT,0400 2000 0913 1243 1814 0444 0419,626
320,"BURGLARY, ATTEMPTED",1202 1607 1822,320
761,BRANDISH WEAPON,1253 0334 0432 0312 1300 1309 0906 1822 0353 0371,761
745,VANDALISM - MISDEAMEANOR ($399 OR UNDER),0329 0361 1202,745
624,BATTERY - SIMPLE ASSAULT,2004 0444 0917 0913,624
420,THEFT FROM MOTOR VEHICLE - PETTY ($950 & UNDER),344,420
624,BATTERY - SIMPLE ASSAULT,0444 2004,624
420,THEFT FROM MOTOR VEHICLE - PETTY ($950 & UNDER),0344 0377,420
330,BURGLARY FROM VEHICLE,0344 1302 0329,330
745,VANDALISM - MISDEAMEANOR ($399 OR UNDER),0329 1307,745
230,"ASSAULT WITH DEADLY WEAPON, AGGRAVATED ASSAULT",0400 0416 1234 1822,230
745,VANDALISM - MISDEAMEANOR ($399 OR UNDER),1307 0329,745
210,ROBBERY,0432 0337 0344 1822 1218,210
901,VIOLATION OF RESTRAINING ORDER,2038 0913,901
330,BURGLARY FROM VEHICLE,1402 0202 0216 1309 1609 0913 1814,"330, 998"
440,THEFT PLAIN - PETTY ($950 & UNDER),1822 2032 0344 0910,440
624,BATTERY - SIMPLE ASSAULT,0416 1822,624
480,BIKE - STOLEN,1822 0910 2032 0344,480
341,"THEFT-GRAND ($950.01 & OVER)EXCPT,GUNS,FOWL,LIVESTK,PROD",1822 1605 1218 0344,341
930,CRIMINAL THREATS - NO WEAPON DISPLAYED,1100 0913,930
624,BATTERY - SIMPLE ASSAULT,0416 0913 2004,624
220,ATTEMPTED ROBBERY,1822 2033 1218 1268 0416 0429 0337,220
354,THEFT OF IDENTITY,0100 0928 1202,354
354,THEFT OF IDENTITY,930,354
440,THEFT PLAIN - PETTY ($950 & UNDER),1822 1218 2032 0344,440
341,"THEFT-GRAND ($950.01 & OVER)EXCPT,GUNS,FOWL,LIVESTK,PROD",2032 0344,341
745,VANDALISM - MISDEAMEANOR ($399 OR UNDER),329,745
330,BURGLARY FROM VEHICLE,1307 0386,330
510,VEHICLE - STOLEN,,510
330,BURGLARY FROM VEHICLE,1609 0344,330
420,THEFT FROM MOTOR VEHICLE - PETTY ($950 & UNDER),1300 1822 1606 0344,420
888,TRESPASSING,0913 2004,888
236,INTIMATE PARTNER - AGGRAVATED ASSAULT,0431 0913 0400 1309 2000,236
745,VANDALISM - MISDEAMEANOR ($399 OR UNDER),0329 2004,745
624,BATTERY - SIMPLE ASSAULT,0429 2004 1822,624
510,VEHICLE - STOLEN,,510
740,"VANDALISM - FELONY ($400 & OVER, ALL CHURCH VANDALISMS)",0329 1817 1300,740
420,THEFT FROM MOTOR VEHICLE - PETTY ($950 & UNDER),,420
442,SHOPLIFTING - PETTY THEFT ($950 & UNDER),344,442
230,"ASSAULT WITH DEADLY WEAPON, AGGRAVATED ASSAULT",0416 0411 1822 1218 2004 0906,230
626,INTIMATE PARTNER - SIMPLE ASSAULT,2000 0913 1814 0444 0448 1813,626
330,BURGLARY FROM VEHICLE,0329 1822 1307 0344 1609,330
753,DISCHARGE FIREARMS/SHOTS FIRED,1100 1402 1407 0913,"753, 998"
625,OTHER ASSAULT,1202 0913 0356,625
624,BATTERY - SIMPLE ASSAULT,0429 0416 1822,624
888,TRESPASSING,1822,888
230,"ASSAULT WITH DEADLY WEAPON, AGGRAVATED ASSAULT",1206 1414 1234 1822 0411 0416 0429,230
440,THEFT PLAIN - PETTY ($950 & UNDER),1822 0344,440
330,BURGLARY FROM VEHICLE,1414 0329 1822 1307 1609 0344,330
230,"ASSAULT WITH DEADLY WEAPON, AGGRAVATED ASSAULT",0906 1268 2003 0910 0431 2004 1822,230
624,BATTERY - SIMPLE ASSAULT,0416 1822,624
624,BATTERY - SIMPLE ASSAULT,0419 1822,624
624,BATTERY - SIMPLE ASSAULT,0444 1822,624
624,BATTERY - SIMPLE ASSAULT,0444 1822,624
330,BURGLARY FROM VEHICLE,1822 0329 0344 1307 1609,330
341,"THEFT-GRAND ($950.01 & OVER)EXCPT,GUNS,FOWL,LIVESTK,PROD",0377 1822 2032 0344,341
341,"THEFT-GRAND ($950.01 & OVER)EXCPT,GUNS,FOWL,LIVESTK,PROD",1822 0344 2032,341
354,THEFT OF IDENTITY,0377 1822,354
230,"ASSAULT WITH DEADLY WEAPON, AGGRAVATED ASSAULT",0910 1218 0411 1822,230
330,BURGLARY FROM VEHICLE,1609 1822 0329 1307 0344,330
330,BURGLARY FROM VEHICLE,0329 1609 1307 0344 1822,330
350,"THEFT, PERSON",1822 0344 0305,350
624,BATTERY - SIMPLE ASSAULT,1414 0416 1822,624
626,INTIMATE PARTNER - SIMPLE ASSAULT,2000 1814 0444,626
236,INTIMATE PARTNER - AGGRAVATED ASSAULT,2033 0416 2000 1814 0913,236
440,THEFT PLAIN - PETTY ($950 & UNDER),1822 2032 0344 0910,440
440,THEFT PLAIN - PETTY ($950 & UNDER),0344 0913 1814,440
510,VEHICLE - STOLEN,,510
230,"ASSAULT WITH DEADLY WEAPON, AGGRAVATED ASSAULT",0907 1414 0345 1218 0411 0913,230
626,INTIMATE PARTNER - SIMPLE ASSAULT,2000 0408 0444 1814,626
510,VEHICLE - STOLEN,,510
442,SHOPLIFTING - PETTY THEFT ($950 & UNDER),0344 2004,442
623,BATTERY POLICE (SIMPLE),2004 0917 1212 0416 2003 0319 1414,623
440,THEFT PLAIN - PETTY ($950 & UNDER),0344 2034 2029 1822,440
745,VANDALISM - MISDEAMEANOR ($399 OR UNDER),0910 0329,745
440,THEFT PLAIN - PETTY ($950 & UNDER),0344 2032 1822,440
745,VANDALISM - MISDEAMEANOR ($399 OR UNDER),0329 1300,745
310,BURGLARY,1608 0344,310
330,BURGLARY FROM VEHICLE,0344 1212 1822 1300,330
888,TRESPASSING,2004,888
740,"VANDALISM - FELONY ($400 & OVER, ALL CHURCH VANDALISMS)",329,740
420,THEFT FROM MOTOR VEHICLE - PETTY ($950 & UNDER),,420
230,"ASSAULT WITH DEADLY WEAPON, AGGRAVATED ASSAULT",0305 0444 0429 1822 0910 1202 1414 2004,230
920,KIDNAPPING - GRAND ATTEMPT,2004 1822 1258 1420 0448,920
230,"ASSAULT WITH DEADLY WEAPON, AGGRAVATED ASSAULT",0342 1309 0913 0447,"230, 998"
330,BURGLARY FROM VEHICLE,1609 0344 0329,330
354,THEFT OF IDENTITY,1822 0100 0930,354
236,INTIMATE PARTNER - AGGRAVATED ASSAULT,1814 0913 0416 1309 2000,236
510,VEHICLE - STOLEN,,510
745,VANDALISM - MISDEAMEANOR ($399 OR UNDER),0913 0561 0602 0329,745
510,VEHICLE - STOLEN,,510
440,THEFT PLAIN - PETTY ($950 & UNDER),1822 0101 0344,440
310,BURGLARY,1414 1822 1606 0344,310
330,BURGLARY FROM VEHICLE,1302 0344,330
310,BURGLARY,1822 1218 0344,310
350,"THEFT, PERSON",1822 2003 0355 1218 0344,350
310,BURGLARY,1822 0329 0321 1601 0344 0325,310
626,INTIMATE PARTNER - SIMPLE ASSAULT,0401 0432 0913 1241 1243 1813 2000,626
624,BATTERY - SIMPLE ASSAULT,1218 2033 0416 0910 1822,624
510,VEHICLE - STOLEN,,510
745,VANDALISM - MISDEAMEANOR ($399 OR UNDER),0329 1307,745
624,BATTERY - SIMPLE ASSAULT,1822 2024 0522,624
624,BATTERY - SIMPLE ASSAULT,1266 0416 0913 2004 0305,624
624,BATTERY - SIMPLE ASSAULT,0400 0416,624
740,"VANDALISM - FELONY ($400 & OVER, ALL CHURCH VANDALISMS)",329,740
330,BURGLARY FROM VEHICLE,1609 0386 0344,330
480,BIKE - STOLEN,0397 0344,480
440,THEFT PLAIN - PETTY ($950 & UNDER),2032 0344,440
745,VANDALISM - MISDEAMEANOR ($399 OR UNDER),329,745
330,BURGLARY FROM VEHICLE,1609 1822 1307 0344 0329,330
624,BATTERY - SIMPLE ASSAULT,0913 0416,624
956,"LETTERS, LEWD  -  TELEPHONE CALLS, LEWD",1913 0913 1906,956
624,BATTERY - SIMPLE ASSAULT,0910 0416 1822,624
330,BURGLARY FROM VEHICLE,1609 1822 0377 1307 0344 0329,330
510,VEHICLE - STOLEN,,510
480,BIKE - STOLEN,1822 0397 0344 0329,480
310,BURGLARY,1202 1607 0342 0344 1309 1822 0202 0216,310
442,SHOPLIFTING - PETTY THEFT ($950 & UNDER),344,442
648,ARSON,1300,648
624,BATTERY - SIMPLE ASSAULT,1822 1253 0416 0910,624
230,"ASSAULT WITH DEADLY WEAPON, AGGRAVATED ASSAULT",1414 1822 2004 1310 1307 0329 0447,230
850,INDECENT EXPOSURE,2004 0917 0528 0529 1402,"850, 998"
850,INDECENT EXPOSURE,2004 0528 0529,850
624,BATTERY - SIMPLE ASSAULT,1218 1416 0429 1822,624
440,THEFT PLAIN - PETTY ($950 & UNDER),0344 0603,440
330,BURGLARY FROM VEHICLE,1300 1822 0344 0321,330
330,BURGLARY FROM VEHICLE,1609 1822 1307 0344 0329,330
745,VANDALISM - MISDEAMEANOR ($399 OR UNDER),0329 2004,745
420,THEFT FROM MOTOR VEHICLE - PETTY ($950 & UNDER),0344 0377 1606,420
510,VEHICLE - STOLEN,,510
661,UNAUTHORIZED COMPUTER ACCESS,344,661
624,BATTERY - SIMPLE ASSAULT,0561 0432 0400 1601 1202 1701 1242 0444,624
624,BATTERY - SIMPLE ASSAULT,0305 0408 0429 0913,624
666,"BUNCO, ATTEMPT",1822 1915,666
330,BURGLARY FROM VEHICLE,0344 1300 0321 1822 1414 2004 0377,330
330,BURGLARY FROM VEHICLE,0344 1307 1609 1822 0329,330
310,BURGLARY,0344 0216 1402,"310, 998"
440,THEFT PLAIN - PETTY ($950 & UNDER),0910 0344 1822 2032,440
440,THEFT PLAIN - PETTY ($950 & UNDER),2032 0344,440
442,SHOPLIFTING - PETTY THEFT ($950 & UNDER),0344 1822,442
330,BURGLARY FROM VEHICLE,1307 0344,330
662,"BUNCO, GRAND THEFT",701,662
662,"BUNCO, GRAND THEFT",800,662
121,"RAPE, FORCIBLE",1822 1415 0527 1402 2034,"121, 998"
341,"THEFT-GRAND ($950.01 & OVER)EXCPT,GUNS,FOWL,LIVESTK,PROD",0344 0377 1822 2032,341
956,"LETTERS, LEWD  -  TELEPHONE CALLS, LEWD",1822 2041,956
740,"VANDALISM - FELONY ($400 & OVER, ALL CHURCH VANDALISMS)",329,740
330,BURGLARY FROM VEHICLE,1307 1609 0344 0329,330
755,BOMB SCARE,,755
624,BATTERY - SIMPLE ASSAULT,0913 0554 0416,624
623,BATTERY POLICE (SIMPLE),1212 0416 1822 2004,623
930,CRIMINAL THREATS - NO WEAPON DISPLAYED,0913 0400 0443 1814 2000,930
510,VEHICLE - STOLEN,,510
354,THEFT OF IDENTITY,0344 1822,354
330,BURGLARY FROM VEHICLE,1307 0329 1822 1609 0344,330
624,BATTERY - SIMPLE ASSAULT,0416 0305 1822 0373,624
624,BATTERY - SIMPLE ASSAULT,0400 1818 0561 0416 0446 0602 2021,624
624,BATTERY - SIMPLE ASSAULT,0416 1822,624
745,VANDALISM - MISDEAMEANOR ($399 OR UNDER),329,745
420,THEFT FROM MOTOR VEHICLE - PETTY ($950 & UNDER),0385 0344 0377 1606,420
210,ROBBERY,1822 0400 0334 0344 1218 1268 1202,210
420,THEFT FROM MOTOR VEHICLE - PETTY ($950 & UNDER),1822 2032 0344,420
351,PURSE SNATCHING,0344 1822 0377,351
888,TRESPASSING,1501 0910 2004,888
442,SHOPLIFTING - PETTY THEFT ($950 & UNDER),0325 2004,442
860,BATTERY WITH SEXUAL CONTACT,0448 0305 0522 1822,860
310,BURGLARY,0344 0382 1822,310
440,THEFT PLAIN - PETTY ($950 & UNDER),0344 2032 1218 1822,440
330,BURGLARY FROM VEHICLE,1607 0344 1300 1822,330
745,VANDALISM - MISDEAMEANOR ($399 OR UNDER),0329 1236,745
440,THEFT PLAIN - PETTY ($950 & UNDER),0325 1822 2028,440
815,SEXUAL PENETRATION W/FOREIGN OBJECT,0913 1251 0400 0515 0522 1258 0360,815
330,BURGLARY FROM VEHICLE,1307 0329 1822 1609 0344,330
310,BURGLARY,0344 1610 1822 0382 1414,310
121,"RAPE, FORCIBLE",2004 0500 0522 0527 0504 0501 0418 1601 1218 1822,"121, 910, 998"
236,INTIMATE PARTNER - AGGRAVATED ASSAULT,0421 2038 2000,236
420,THEFT FROM MOTOR VEHICLE - PETTY ($950 & UNDER),0344 1274,"420, 998"
510,VEHICLE - STOLEN,,510
626,INTIMATE PARTNER - SIMPLE ASSAULT,1218 1814 2033 2000 0416,626
310,BURGLARY,1606 1403 1202 0321 0344 1822,310
330,BURGLARY FROM VEHICLE,1307 1822 0329 1609 0344,330
330,BURGLARY FROM VEHICLE,1307 1822 0329 1609 0344,330
761,BRANDISH WEAPON,0910 1822 0329 1402,"761, 998"
341,"THEFT-GRAND ($950.01 & OVER)EXCPT,GUNS,FOWL,LIVESTK,PROD",1822 1214 0344,341
510,VEHICLE - STOLEN,,510
330,BURGLARY FROM VEHICLE,1607 1822 1300 1403 1414 0321 0385 0344,330
662,"BUNCO, GRAND THEFT",0100 1822 1902 1908 0701 0800,662
236,INTIMATE PARTNER - AGGRAVATED ASSAULT,0913 1813 2000 0431 1218 2004,236
624,BATTERY - SIMPLE ASSAULT,0443 0913 0417 1218 2004,624
343,SHOPLIFTING-GRAND THEFT ($950.01 & OVER),1822 0325,343
624,BATTERY - SIMPLE ASSAULT,0913 0416 2004 1218,624
310,BURGLARY,0344 1218 1822 1605,310
624,BATTERY - SIMPLE ASSAULT,1822 0416,624
624,BATTERY - SIMPLE ASSAULT,2021 1822 0448,624
230,"ASSAULT WITH DEADLY WEAPON, AGGRAVATED ASSAULT",0416 1218 1822 0371 2033 0906,230
341,"THEFT-GRAND ($950.01 & OVER)EXCPT,GUNS,FOWL,LIVESTK,PROD",,341
330,BURGLARY FROM VEHICLE,1307 1822 0329 1609 0344,330
330,BURGLARY FROM VEHICLE,1822 1605 1300 0344,330
310,BURGLARY,0344 1822,310
330,BURGLARY FROM VEHICLE,1307 1822 0329 1609 0344,330
624,BATTERY - SIMPLE ASSAULT,0416 0344 0913,624
230,"ASSAULT WITH DEADLY WEAPON, AGGRAVATED ASSAULT",1822 0416 2049 0910 2051,230
442,SHOPLIFTING - PETTY THEFT ($950 & UNDER),325,442
480,BIKE - STOLEN,344,480
354,THEFT OF IDENTITY,0100 1202 0928,354
310,BURGLARY,0329 0314 1607,310
624,BATTERY - SIMPLE ASSAULT,1822 0444 1817,624
624,BATTERY - SIMPLE ASSAULT,400,624
888,TRESPASSING,910,888
740,"VANDALISM - FELONY ($400 & OVER, ALL CHURCH VANDALISMS)",329,740
330,BURGLARY FROM VEHICLE,1606 0344,330
330,BURGLARY FROM VEHICLE,1609 0344,330
440,THEFT PLAIN - PETTY ($950 & UNDER),1822 0344 0325,440
330,BURGLARY FROM VEHICLE,0344 0358 0377 1307 1609,330
440,THEFT PLAIN - PETTY ($950 & UNDER),0394 1822,440
626,INTIMATE PARTNER - SIMPLE ASSAULT,2000 0416 0913 1814,626
354,THEFT OF IDENTITY,0100 1202,354
440,THEFT PLAIN - PETTY ($950 & UNDER),344,440
740,"VANDALISM - FELONY ($400 & OVER, ALL CHURCH VANDALISMS)",2004 0329 0910 0447,740
236,INTIMATE PARTNER - AGGRAVATED ASSAULT,2000 0416 0913 1814,236
341,"THEFT-GRAND ($950.01 & OVER)EXCPT,GUNS,FOWL,LIVESTK,PROD",0344 1822,341
820,ORAL COPULATION,1402 2034 1601 1218 2004 1415 1822 2060,"820, 998"
627,CHILD ABUSE (PHYSICAL) - SIMPLE ASSAULT,1259 0416 0446 0417 0913,627
420,THEFT FROM MOTOR VEHICLE - PETTY ($950 & UNDER),,420
442,SHOPLIFTING - PETTY THEFT ($950 & UNDER),344,442
440,THEFT PLAIN - PETTY ($950 & UNDER),0344 0325,440
442,SHOPLIFTING - PETTY THEFT ($950 & UNDER),325,442
442,SHOPLIFTING - PETTY THEFT ($950 & UNDER),325,442
624,BATTERY - SIMPLE ASSAULT,0416 1822 1218 2004,624
623,BATTERY POLICE (SIMPLE),1212 2004 0356,623
888,TRESPASSING,2004 0910 1822,888
624,BATTERY - SIMPLE ASSAULT,2004 1218 0416,624
510,VEHICLE - STOLEN,,510
624,BATTERY - SIMPLE ASSAULT,0416 1822 1266,624
624,BATTERY - SIMPLE ASSAULT,0416 1822,624
624,BATTERY - SIMPLE ASSAULT,0416 1822,624
510,VEHICLE - STOLEN,,510
745,VANDALISM - MISDEAMEANOR ($399 OR UNDER),329,745
354,THEFT OF IDENTITY,0930 0100 1822 0344,354
930,CRIMINAL THREATS - NO WEAPON DISPLAYED,0443 1822,930
624,BATTERY - SIMPLE ASSAULT,0443 1822 0416,"624, 930"
236,INTIMATE PARTNER - AGGRAVATED ASSAULT,0400 2000 2002 1300 1309 0913 1206,236
664,"BUNCO, PETTY THEFT",701,664
740,"VANDALISM - FELONY ($400 & OVER, ALL CHURCH VANDALISMS)",0329 1822 1414 1420 1402 1300 1307,"740, 998"
624,BATTERY - SIMPLE ASSAULT,0305 0416 1822 2004 1218,624
805,PIMPING,1402 1259,"805, 998"
341,"THEFT-GRAND ($950.01 & OVER)EXCPT,GUNS,FOWL,LIVESTK,PROD",1251 1259 2032 0344,341
740,"VANDALISM - FELONY ($400 & OVER, ALL CHURCH VANDALISMS)",1202 1251 1822 0329,740
740,"VANDALISM - FELONY ($400 & OVER, ALL CHURCH VANDALISMS)",329,740
745,VANDALISM - MISDEAMEANOR ($399 OR UNDER),329,745
510,VEHICLE - STOLEN,,510
236,INTIMATE PARTNER - AGGRAVATED ASSAULT,1300 1312 0416 0329 0432 0913 1309 2000,236
740,"VANDALISM - FELONY ($400 & OVER, ALL CHURCH VANDALISMS)",0329 1300,740
354,THEFT OF IDENTITY,377,354
946,OTHER MISCELLANEOUS CRIME,2004 0910,946
763,STALKING,,763
230,"ASSAULT WITH DEADLY WEAPON, AGGRAVATED ASSAULT",0913 0432,230
860,BATTERY WITH SEXUAL CONTACT,0522 1822 0910,860
740,"VANDALISM - FELONY ($400 & OVER, ALL CHURCH VANDALISMS)",0329 1300,740
930,CRIMINAL THREATS - NO WEAPON DISPLAYED,0421 1822,930
310,BURGLARY,0352 1822 0344 0329 1609,310
860,BATTERY WITH SEXUAL CONTACT,0913 0522,860
354,THEFT OF IDENTITY,100,354
761,BRANDISH WEAPON,0334 0432 2004,761
662,"BUNCO, GRAND THEFT",0342 0701 0344 1309 1202,662
442,SHOPLIFTING - PETTY THEFT ($950 & UNDER),325,442
442,SHOPLIFTING - PETTY THEFT ($950 & UNDER),0325 2004,442
442,SHOPLIFTING - PETTY THEFT ($950 & UNDER),325,442
888,TRESPASSING,1501,888
220,ATTEMPTED ROBBERY,1822 0345 0401 0416 0344 0356 0319 1414,"220, 480"
740,"VANDALISM - FELONY ($400 & OVER, ALL CHURCH VANDALISMS)",0329 1307,740
341,"THEFT-GRAND ($950.01 & OVER)EXCPT,GUNS,FOWL,LIVESTK,PROD",0344 1822,341
341,"THEFT-GRAND ($950.01 & OVER)EXCPT,GUNS,FOWL,LIVESTK,PROD",1420 1803 1202 0344 0352 0913,341
624,BATTERY - SIMPLE ASSAULT,1420 0416 1822,624
740,"VANDALISM - FELONY ($400 & OVER, ALL CHURCH VANDALISMS)",0329 1300,740
740,"VANDALISM - FELONY ($400 & OVER, ALL CHURCH VANDALISMS)",0329 2004,740
510,VEHICLE - STOLEN,,510
510,VEHICLE - STOLEN,,510
810,"SEX,UNLAWFUL(INC MUTUAL CONSENT, PENETRATION W/ FRGN OBJ",0533 1259 1402,810
946,OTHER MISCELLANEOUS CRIME,913,946
420,THEFT FROM MOTOR VEHICLE - PETTY ($950 & UNDER),,420
330,BURGLARY FROM VEHICLE,0344 1609 1307 0329 0913 1218,330
624,BATTERY - SIMPLE ASSAULT,1822 0342 0202 0416 0446,624
753,DISCHARGE FIREARMS/SHOTS FIRED,1309 0342 1822 1100 1300 1402 1407,"753, 998"
354,THEFT OF IDENTITY,0100 1822,354
956,"LETTERS, LEWD  -  TELEPHONE CALLS, LEWD",337,956
310,BURGLARY,0344 1822 1606,310
310,BURGLARY,0344 1822 2004 1202 0377 1420,310
901,VIOLATION OF RESTRAINING ORDER,2004 1814 1813 2038,901
930,CRIMINAL THREATS - NO WEAPON DISPLAYED,421,930
442,SHOPLIFTING - PETTY THEFT ($950 & UNDER),344,442
624,BATTERY - SIMPLE ASSAULT,0913 0416 0429,624
740,"VANDALISM - FELONY ($400 & OVER, ALL CHURCH VANDALISMS)",329,740
745,VANDALISM - MISDEAMEANOR ($399 OR UNDER),0329 1307,745
510,VEHICLE - STOLEN,,510
442,SHOPLIFTING - PETTY THEFT ($950 & UNDER),344,442
230,"ASSAULT WITH DEADLY WEAPON, AGGRAVATED ASSAULT",0913 1824 1258 1251 1815 0416 0446 2024,230
740,"VANDALISM - FELONY ($400 & OVER, ALL CHURCH VANDALISMS)",0329 0913,740
626,INTIMATE PARTNER - SIMPLE ASSAULT,0913 2000 1814 0448,626
668,"EMBEZZLEMENT, GRAND THEFT ($950.01 & OVER)",1300 0913,668
820,ORAL COPULATION,0400 0913 0443 0512 0413,820
420,THEFT FROM MOTOR VEHICLE - PETTY ($950 & UNDER),,420
624,BATTERY - SIMPLE ASSAULT,1822 1266 0416 2004,624
354,THEFT OF IDENTITY,928,354
121,"RAPE, FORCIBLE",0558 0913 1258 0527,"121, 812"
354,THEFT OF IDENTITY,0930 1822,354
901,VIOLATION OF RESTRAINING ORDER,913,901
900,VIOLATION OF COURT ORDER,0216 0561 2004 2038,900
510,VEHICLE - STOLEN,,510
354,THEFT OF IDENTITY,1822 0930 0922,354
440,THEFT PLAIN - PETTY ($950 & UNDER),344,440
230,"ASSAULT WITH DEADLY WEAPON, AGGRAVATED ASSAULT",1822 1218 0416 0445,230
440,THEFT PLAIN - PETTY ($950 & UNDER),344,440
331,THEFT FROM MOTOR VEHICLE - GRAND ($950.01 AND OVER),385,331
442,SHOPLIFTING - PETTY THEFT ($950 & UNDER),2004 0344 0104 0325,442
236,INTIMATE PARTNER - AGGRAVATED ASSAULT,2000 1813 0416 0445 0411 0913,236
624,BATTERY - SIMPLE ASSAULT,1822 0910 2049 2051 0416 0446 0417 1206,624
420,THEFT FROM MOTOR VEHICLE - PETTY ($950 & UNDER),344,420
815,SEXUAL PENETRATION W/FOREIGN OBJECT,0510 0536 0448 0913 0501 0515 0537,815
210,ROBBERY,0416 0417 0344 0355 1402 0216 1822,"210, 998"
230,"ASSAULT WITH DEADLY WEAPON, AGGRAVATED ASSAULT",0432 1402 0445 2004 1822,"230, 998"
210,ROBBERY,0945 2028 0325 0104 0334 1822,"210, 998"
330,BURGLARY FROM VEHICLE,0344 1307 1609 1402,"330, 998"
740,"VANDALISM - FELONY ($400 & OVER, ALL CHURCH VANDALISMS)",0329 1402 1100 0450,"740, 998"
236,INTIMATE PARTNER - AGGRAVATED ASSAULT,2000 0408 0416 1813 1276 0913,236
441,THEFT PLAIN - ATTEMPT,0104 0202 0209 0325 0378,441
860,BATTERY WITH SEXUAL CONTACT,448,860
740,"VANDALISM - FELONY ($400 & OVER, ALL CHURCH VANDALISMS)",1402 1300 0329 1251,"740, 998"
310,BURGLARY,0344 1606 1822,"310, 480"
946,OTHER MISCELLANEOUS CRIME,0329 1402 1601 1300,"946, 998"
740,"VANDALISM - FELONY ($400 & OVER, ALL CHURCH VANDALISMS)",0450 1300 0329 1100 1407 1307,"740, 998"
888,TRESPASSING,1402 1822 2004,"888, 998"
626,INTIMATE PARTNER - SIMPLE ASSAULT,2000 0416 0913 1601 0329 0417 0444 0429,626
740,"VANDALISM - FELONY ($400 & OVER, ALL CHURCH VANDALISMS)",1300 1402 0329 1822,"740, 998"
755,BOMB SCARE,0404 0910 1402 2021 2180 2051,"755, 998"
230,"ASSAULT WITH DEADLY WEAPON, AGGRAVATED ASSAULT",1822 0447 0319 1601 2002,"230, 998"
230,"ASSAULT WITH DEADLY WEAPON, AGGRAVATED ASSAULT",0334 0432 1402 0416 0446 0445 0913 1810,"230, 998"
420,THEFT FROM MOTOR VEHICLE - PETTY ($950 & UNDER),0344 0352 1822 1606 0321 1402,"420, 998"
755,BOMB SCARE,2004 0601 1402 0432 1822 0404 0311 0907,"755, 998"
442,SHOPLIFTING - PETTY THEFT ($950 & UNDER),325,"442, 998"
230,"ASSAULT WITH DEADLY WEAPON, AGGRAVATED ASSAULT",0334 0432 0416 2004 0445 1402 1822,"230, 998"
210,ROBBERY,0344 0449 0216 0432,210
627,CHILD ABUSE (PHYSICAL) - SIMPLE ASSAULT,1251 1258 0553 0416 0445 0913 0602,627
440,THEFT PLAIN - PETTY ($950 & UNDER),0344 0377 1822,440
230,"ASSAULT WITH DEADLY WEAPON, AGGRAVATED ASSAULT",1206 0305 0411 0432 0334 2047 2002 0913 1820,230
624,BATTERY - SIMPLE ASSAULT,2036 0416 0913 0361,624
745,VANDALISM - MISDEAMEANOR ($399 OR UNDER),0329 1300 1307 1278 2004 0906,745
624,BATTERY - SIMPLE ASSAULT,0400 0416 1309,624
220,ATTEMPTED ROBBERY,1206 2002 2024 0334 0432 0411 2047 1822 0305 0355,220
888,TRESPASSING,601,888
740,"VANDALISM - FELONY ($400 & OVER, ALL CHURCH VANDALISMS)",0329 0601 2004 2001,740
210,ROBBERY,0342 0344 0352 1817 0416 0447 0417 0202 0913 0906,210
210,ROBBERY,0342 0344 0416 0446 0417 0429 1206 1822,210
354,THEFT OF IDENTITY,0100 1202 0930 0922,354
354,THEFT OF IDENTITY,1822 0100 0923 0930 0935 0928 0929 0922,354
626,INTIMATE PARTNER - SIMPLE ASSAULT,0913 2000 1813 0416 0444 0429,626
740,"VANDALISM - FELONY ($400 & OVER, ALL CHURCH VANDALISMS)",1822 0321 0329,740
930,CRIMINAL THREATS - NO WEAPON DISPLAYED,2000 1259 1251 1814 1912 0432 2024,930
812,CRM AGNST CHLD (13 OR UNDER) (14-15 & SUSP 10 YRS OLDER),500,"812, 860"
510,VEHICLE - STOLEN,,510
310,BURGLARY,2004 1609 0329,310
510,VEHICLE - STOLEN,,510
420,THEFT FROM MOTOR VEHICLE - PETTY ($950 & UNDER),,420
624,BATTERY - SIMPLE ASSAULT,1218 0416 0446 1822 0910 2049 2051,624
122,"RAPE, ATTEMPTED",1402 0334 0432 0500 2002 0913 1817 2001 0907,"122, 998"
210,ROBBERY,2000 1814 0509 0448 0352 0344 0913,210
310,BURGLARY,1609 0321 1420,310
648,ARSON,,648
443,SHOPLIFTING - ATTEMPT,1501,443
930,CRIMINAL THREATS - NO WEAPON DISPLAYED,0421 1814 0337 2000,930
930,CRIMINAL THREATS - NO WEAPON DISPLAYED,0443 0913 1817,930
330,BURGLARY FROM VEHICLE,0344 0329 1307 1609 0352,330
341,"THEFT-GRAND ($950.01 & OVER)EXCPT,GUNS,FOWL,LIVESTK,PROD",0344 2032,341
745,VANDALISM - MISDEAMEANOR ($399 OR UNDER),329,745
740,"VANDALISM - FELONY ($400 & OVER, ALL CHURCH VANDALISMS)",0329 1307 0216,740
956,"LETTERS, LEWD  -  TELEPHONE CALLS, LEWD",1906,956
510,VEHICLE - STOLEN,,510
762,LEWD CONDUCT,0202 0528 1300 0534 2021,762
624,BATTERY - SIMPLE ASSAULT,0416 1822,624
930,CRIMINAL THREATS - NO WEAPON DISPLAYED,0319 0906 0421,930
350,"THEFT, PERSON",0344 0390 0216,350
210,ROBBERY,1402 0344 0325 0319 0443 0216 0945 1822,"210, 998"
420,THEFT FROM MOTOR VEHICLE - PETTY ($950 & UNDER),,420
740,"VANDALISM - FELONY ($400 & OVER, ALL CHURCH VANDALISMS)",0329 1307,740
664,"BUNCO, PETTY THEFT",800,664
740,"VANDALISM - FELONY ($400 & OVER, ALL CHURCH VANDALISMS)",1402 0329 0311 0906 2024,"740, 998"
510,VEHICLE - STOLEN,,510
420,THEFT FROM MOTOR VEHICLE - PETTY ($950 & UNDER),0344 0329,420
420,THEFT FROM MOTOR VEHICLE - PETTY ($950 & UNDER),0352 0344 1606,420
627,CHILD ABUSE (PHYSICAL) - SIMPLE ASSAULT,0913 0554 0416,627
624,BATTERY - SIMPLE ASSAULT,1822 0447 0416 2004 0202,624
310,BURGLARY,0344 1607 0321 1420,310
210,ROBBERY,0345 0342 0416 0429 0344 0443 1601 0352 1822,210
230,"ASSAULT WITH DEADLY WEAPON, AGGRAVATED ASSAULT",0906 1407 1822 0202 0334 0312 1100 0430 1601 1234,"230, 998"
753,DISCHARGE FIREARMS/SHOTS FIRED,1407,"753, 998"
510,VEHICLE - STOLEN,,510
625,OTHER ASSAULT,2031 0910 0416 1822 0444 1601 2050 2052 0216,625
420,THEFT FROM MOTOR VEHICLE - PETTY ($950 & UNDER),,420
510,VEHICLE - STOLEN,,510
420,THEFT FROM MOTOR VEHICLE - PETTY ($950 & UNDER),,420
420,THEFT FROM MOTOR VEHICLE - PETTY ($950 & UNDER),,420
420,THEFT FROM MOTOR VEHICLE - PETTY ($950 & UNDER),,420
624,BATTERY - SIMPLE ASSAULT,0910 1238 0345 0416 1822,624
440,THEFT PLAIN - PETTY ($950 & UNDER),2032 0344 1236 0377,440
420,THEFT FROM MOTOR VEHICLE - PETTY ($950 & UNDER),,420
740,"VANDALISM - FELONY ($400 & OVER, ALL CHURCH VANDALISMS)",0329 1822,740
814,CHILD PORNOGRAPHY,1901 1258 0913 1815 1251,814
210,ROBBERY,0342 0202 0216 0344 0327 0104 0334 0312 0945 1822,210
230,"ASSAULT WITH DEADLY WEAPON, AGGRAVATED ASSAULT",1402 1407 1100 0906 0430 1822,"230, 998"
210,ROBBERY,1310 0334 0302 0416 2004,210
820,ORAL COPULATION,1822 0400 0500 1259 0507 1402 0549 0342 0327,"812, 820"
753,DISCHARGE FIREARMS/SHOTS FIRED,1822 1100 1407 1309,"753, 998"
210,ROBBERY,0202 0334 0337 0344 0352 0370 0446 0449 0371 0906,210
761,BRANDISH WEAPON,0334 0432 0344 0115 1402 1822,"761, 998"
210,ROBBERY,1822 0337 1402 0416 0446 0429 0344 0377 0353 0449,210
210,ROBBERY,2033 0913 1817 0342 2004 1218 0400 0344,210
210,ROBBERY,0344 0416 1822 2034 1281 0337 1218,210
230,"ASSAULT WITH DEADLY WEAPON, AGGRAVATED ASSAULT",1822 0302 0400 0443 1309 1310,230
740,"VANDALISM - FELONY ($400 & OVER, ALL CHURCH VANDALISMS)",0329 1300 1202 1309 1822 0914,740
210,ROBBERY,1822 0334 1240 0302 0355 0449 0344 1310 0352,210
230,"ASSAULT WITH DEADLY WEAPON, AGGRAVATED ASSAULT",1310 0450 2033 1822,"230, 998"
761,BRANDISH WEAPON,1822 2004 0421 1402 0334,"761, 930, 998"
230,"ASSAULT WITH DEADLY WEAPON, AGGRAVATED ASSAULT",0913 2000 1814,230
230,"ASSAULT WITH DEADLY WEAPON, AGGRAVATED ASSAULT",1402 0334 1420 1414 1310 1822 0302 2030 0903,"230, 946, 998"
230,"ASSAULT WITH DEADLY WEAPON, AGGRAVATED ASSAULT",1822 0345 0216,230
761,BRANDISH WEAPON,0421 1402 1419 0302,"761, 930, 998"
761,BRANDISH WEAPON,0334 1266 2008 1822 2004,761
761,BRANDISH WEAPON,0334 0353 0340 1822 0432 2004 2003,761
236,INTIMATE PARTNER - AGGRAVATED ASSAULT,2000 0913 0416 1202 1206 1814 0411,236
230,"ASSAULT WITH DEADLY WEAPON, AGGRAVATED ASSAULT",0334 0432 1822 1309 0411 2047 0445 0919,230
761,BRANDISH WEAPON,0319 0334 0443 0913 1402,"761, 998"
210,ROBBERY,1402 0337 0344 1822 0906,"210, 998"
761,BRANDISH WEAPON,0913 0561 0334 0906 0421 2004,"761, 930"
761,BRANDISH WEAPON,2000 0913 1814 0334,761
230,"ASSAULT WITH DEADLY WEAPON, AGGRAVATED ASSAULT",0421 0445 2000 0913 1813 0329 0334 2038,"230, 998"
624,BATTERY - SIMPLE ASSAULT,1822 0305 0449 1218,624
210,ROBBERY,0334 0342 0344 0416 0445 0913 1820 1281,210
230,"ASSAULT WITH DEADLY WEAPON, AGGRAVATED ASSAULT",1309 0913 0416 0421 0853,230
745,VANDALISM - MISDEAMEANOR ($399 OR UNDER),0329 1822 1609 0445,745
230,"ASSAULT WITH DEADLY WEAPON, AGGRAVATED ASSAULT",0400 0447 0416 0445 0913,230
230,"ASSAULT WITH DEADLY WEAPON, AGGRAVATED ASSAULT",0445 0334 1420 1822 0443,230
230,"ASSAULT WITH DEADLY WEAPON, AGGRAVATED ASSAULT",0601 1822 0334 1402,"230, 998"
230,"ASSAULT WITH DEADLY WEAPON, AGGRAVATED ASSAULT",1234 1823 0413 1822,230
231,ASSAULT WITH DEADLY WEAPON ON POLICE OFFICER,1212 1822 1501 0400 0447 1402,"231, 998"
230,"ASSAULT WITH DEADLY WEAPON, AGGRAVATED ASSAULT",1234 2002 1414 0416 1266 0917 1822,230
761,BRANDISH WEAPON,0334 0448 1822 2004,761
122,"RAPE, ATTEMPTED",2000 1813 0522 0503 0423 1402 0913,"122, 998"
236,INTIMATE PARTNER - AGGRAVATED ASSAULT,1206 0913 2000 1813 1814 1821 1241 0400 0447 0407,236
761,BRANDISH WEAPON,0443 1402 0334 1822 2049 2051 0910,"761, 930"
236,INTIMATE PARTNER - AGGRAVATED ASSAULT,0913 1300 1814 2000 0447 0400 2004 1218 1402,"236, 998"
230,"ASSAULT WITH DEADLY WEAPON, AGGRAVATED ASSAULT",1501 0603 0913 1817 2004,230
